listing_datetime,unit_price,quantity,listings
"2019-03-03 00:05:37 UTC",78,805,10
"2019-03-02 21:44:54 UTC",78,807,10
"2019-03-02 18:58:13 UTC",78,809,10
"2019-03-02 16:42:41 UTC",78,812,10
"2019-03-02 14:00:45 UTC",78,813,10
"2019-03-02 11:41:05 UTC",78,814,10
"2019-03-02 09:07:38 UTC",78,816,10
"2019-03-02 06:44:55 UTC",178,821,11
"2019-03-02 03:58:19 UTC",178,821,11
"2019-03-02 01:32:28 UTC",178,822,11
"2019-03-01 22:48:13 UTC",178,824,11
"2019-03-01 20:31:11 UTC",178,824,11
"2019-03-01 17:46:11 UTC",178,825,11
"2019-03-01 15:25:18 UTC",178,825,11
"2019-03-01 12:44:05 UTC",178,826,11
"2019-03-01 10:27:38 UTC",178,826,11
"2019-03-01 07:53:08 UTC",78,816,10
"2019-03-01 05:31:28 UTC",160,818,11
"2019-03-01 02:51:20 UTC",160,818,11
"2019-03-01 00:33:49 UTC",160,819,11
"2019-02-28 21:52:09 UTC",160,821,11
"2019-02-28 19:22:56 UTC",160,822,11
"2019-02-28 16:33:18 UTC",160,822,11
"2019-02-28 14:14:03 UTC",160,824,11
"2019-02-28 11:28:11 UTC",160,825,11
"2019-02-28 09:06:23 UTC",160,825,11
"2019-02-28 06:29:42 UTC",190,821,11
"2019-02-28 04:10:28 UTC",190,821,11
"2019-02-28 01:25:04 UTC",190,823,11
"2019-02-27 23:04:30 UTC",190,823,11
"2019-02-27 20:23:05 UTC",190,823,11
"2019-02-27 17:56:10 UTC",190,824,11
"2019-02-27 15:16:53 UTC",190,824,11
"2019-02-27 13:01:14 UTC",190,824,11
"2019-02-27 10:13:58 UTC",190,824,11
"2019-02-27 07:48:03 UTC",190,824,11
"2019-02-27 05:14:03 UTC",190,850,12
"2019-02-27 02:54:40 UTC",190,851,12
"2019-02-27 00:11:53 UTC",190,851,12
"2019-02-26 21:51:30 UTC",190,852,12
"2019-02-26 19:11:12 UTC",126,851,12
"2019-02-26 16:52:59 UTC",126,851,12
"2019-02-26 14:08:35 UTC",126,852,12
"2019-02-26 11:52:52 UTC",126,853,12
"2019-02-26 09:13:02 UTC",126,853,12
"2019-02-26 06:52:15 UTC",126,853,12
"2019-02-26 04:16:58 UTC",125,850,12
"2019-02-26 01:50:26 UTC",125,852,12
"2019-02-25 23:04:33 UTC",125,852,12
"2019-02-25 20:41:02 UTC",125,854,12
"2019-02-25 18:02:43 UTC",121,844,11
"2019-02-25 15:42:48 UTC",121,854,12
"2019-02-25 12:56:51 UTC",121,855,12
"2019-02-25 10:38:16 UTC",121,855,12
"2019-02-25 07:58:06 UTC",121,856,12
"2019-02-25 05:42:20 UTC",121,857,12
"2019-02-25 03:04:52 UTC",123,849,12
"2019-02-25 00:38:42 UTC",123,850,12
"2019-02-24 21:58:45 UTC",123,850,12
"2019-02-24 19:41:20 UTC",123,851,12
"2019-02-24 17:03:37 UTC",123,853,12
"2019-02-24 14:37:26 UTC",123,854,12
"2019-02-24 11:51:34 UTC",123,854,12
"2019-02-24 09:34:42 UTC",123,1102,13
"2019-02-24 06:47:20 UTC",123,1103,13
"2019-02-24 04:26:43 UTC",122,1102,13
"2019-02-24 01:51:26 UTC",122,1103,13
"2019-02-23 23:34:33 UTC",122,1104,13
"2019-02-23 20:48:42 UTC",122,1105,13
"2019-02-23 18:30:56 UTC",122,1105,13
"2019-02-23 15:48:37 UTC",121,857,12
"2019-02-23 13:29:17 UTC",121,857,12
"2019-02-23 10:49:46 UTC",121,857,12
"2019-02-23 08:30:56 UTC",121,857,12
"2019-02-23 05:46:19 UTC",121,857,12
"2019-02-23 03:20:32 UTC",121,851,12
"2019-02-23 00:48:50 UTC",121,852,12
"2019-02-22 22:30:14 UTC",121,852,12
"2019-02-22 19:46:22 UTC",121,854,12
"2019-02-22 17:19:12 UTC",120,850,12
"2019-02-22 14:38:25 UTC",79,841,11
"2019-02-22 12:22:30 UTC",79,841,11
"2019-02-22 09:40:53 UTC",79,841,11
"2019-02-22 07:25:35 UTC",79,842,11
"2019-02-22 04:46:06 UTC",79,842,11
"2019-02-22 02:27:33 UTC",79,843,11
"2019-02-21 23:50:08 UTC",79,844,11
"2019-02-21 21:21:46 UTC",79,845,11
"2019-02-21 18:32:14 UTC",79,845,11
"2019-02-21 16:06:39 UTC",79,847,11
"2019-02-21 13:26:54 UTC",79,847,11
"2019-02-21 11:07:12 UTC",79,847,11
"2019-02-21 08:23:45 UTC",79,847,11
"2019-02-21 06:04:46 UTC",79,847,11
"2019-02-21 03:19:50 UTC",79,839,11
"2019-02-21 01:00:37 UTC",79,840,11
"2019-02-20 22:24:46 UTC",79,840,11
"2019-02-20 19:57:31 UTC",79,842,11
"2019-02-20 17:14:25 UTC",79,843,11
"2019-02-20 14:54:13 UTC",79,843,11
"2019-02-20 12:15:03 UTC",79,843,11
"2019-02-20 09:48:43 UTC",79,843,11
"2019-02-20 07:04:50 UTC",79,843,11
"2019-02-20 04:45:28 UTC",79,844,11
"2019-02-20 02:01:13 UTC",79,844,11
"2019-02-19 23:40:37 UTC",79,844,11
"2019-02-19 21:05:47 UTC",79,845,11
"2019-02-19 18:45:07 UTC",79,846,11
"2019-02-19 15:57:39 UTC",79,846,11
"2019-02-19 13:38:45 UTC",79,846,11
"2019-02-19 10:58:48 UTC",79,847,11
"2019-02-19 08:39:02 UTC",79,847,11
"2019-02-19 05:59:04 UTC",79,847,11
"2019-02-19 03:39:41 UTC",79,841,11
"2019-02-19 00:54:11 UTC",79,842,11
"2019-02-18 22:30:15 UTC",79,842,11
"2019-02-18 20:01:01 UTC",79,843,11
"2019-02-18 17:44:44 UTC",79,844,11
"2019-02-18 14:56:43 UTC",79,844,11
"2019-02-18 12:28:48 UTC",79,846,11
"2019-02-18 09:48:54 UTC",79,846,11
"2019-02-18 07:32:08 UTC",79,846,11
"2019-02-18 04:48:10 UTC",79,847,11
"2019-02-18 02:31:48 UTC",79,837,11
"2019-02-17 23:52:58 UTC",79,838,11
"2019-02-17 21:35:31 UTC",79,838,11
"2019-02-17 18:58:16 UTC",79,839,11
"2019-02-17 16:34:41 UTC",79,841,11
"2019-02-17 13:43:10 UTC",79,841,11
"2019-02-17 11:16:51 UTC",79,841,11
"2019-02-17 08:37:55 UTC",79,842,11
"2019-02-17 06:19:30 UTC",79,842,11
"2019-02-17 03:33:45 UTC",79,843,11
"2019-02-17 01:14:46 UTC",79,843,11
"2019-02-16 22:30:38 UTC",79,845,11
"2019-02-16 20:12:12 UTC",79,845,11
"2019-02-16 17:37:26 UTC",79,846,11
"2019-02-16 15:18:15 UTC",79,846,11
"2019-02-16 12:40:19 UTC",79,847,11
"2019-02-16 10:23:28 UTC",79,847,11
"2019-02-16 07:45:24 UTC",110,849,12
"2019-02-16 05:21:14 UTC",110,849,12
"2019-02-16 02:38:19 UTC",110,849,12
"2019-02-16 00:20:40 UTC",110,849,12
"2019-02-15 21:35:23 UTC",110,849,12
"2019-02-15 19:07:35 UTC",110,852,12
"2019-02-15 16:32:36 UTC",110,852,12
"2019-02-15 14:15:52 UTC",110,852,12
"2019-02-15 11:30:45 UTC",110,852,12
"2019-02-15 09:14:27 UTC",110,852,12
"2019-02-15 06:35:59 UTC",79,847,11
"2019-02-15 04:18:01 UTC",111,841,11
"2019-02-15 01:36:10 UTC",111,841,11
"2019-02-14 23:15:25 UTC",111,841,11
"2019-02-14 20:27:49 UTC",111,841,11
"2019-02-14 18:03:29 UTC",111,842,11
"2019-02-14 15:28:11 UTC",111,844,11
"2019-02-14 13:07:38 UTC",111,845,11
"2019-02-14 10:23:01 UTC",111,877,12
"2019-02-14 07:56:57 UTC",111,884,13
"2019-02-14 05:15:31 UTC",110,881,13
"2019-02-14 02:55:28 UTC",110,881,13
"2019-02-14 00:10:29 UTC",110,882,13
"2019-02-13 21:52:00 UTC",110,883,13
"2019-02-13 19:11:13 UTC",110,884,13
"2019-02-13 16:49:52 UTC",110,884,13
"2019-02-13 14:07:31 UTC",79,874,12
"2019-02-13 11:39:46 UTC",79,881,14
"2019-02-13 08:55:48 UTC",79,882,14
"2019-02-13 06:33:11 UTC",79,882,14
"2019-02-13 03:52:27 UTC",79,883,14
"2019-02-13 01:31:38 UTC",79,883,14
"2019-02-12 22:44:58 UTC",79,885,14
"2019-02-12 20:22:55 UTC",79,885,14
"2019-02-12 17:35:16 UTC",79,885,14
"2019-02-12 15:14:04 UTC",79,885,14
"2019-02-12 12:36:28 UTC",79,885,14
"2019-02-12 10:15:04 UTC",79,886,14
"2019-02-12 07:34:22 UTC",79,886,14
"2019-02-12 05:16:10 UTC",79,886,14
"2019-02-12 02:35:56 UTC",79,888,14
"2019-02-12 00:12:04 UTC",79,888,14
"2019-02-11 21:31:15 UTC",79,890,14
"2019-02-11 19:16:38 UTC",79,890,14
"2019-02-11 16:30:04 UTC",79,890,14
"2019-02-11 14:01:21 UTC",79,890,14
"2019-02-11 11:25:33 UTC",79,890,14
"2019-02-11 09:08:44 UTC",79,890,14
"2019-02-11 06:24:42 UTC",80,891,15
"2019-02-11 04:05:42 UTC",80,892,15
"2019-02-11 01:27:50 UTC",80,892,15
"2019-02-10 23:10:02 UTC",80,892,15
"2019-02-10 20:30:20 UTC",79,890,14
"2019-02-10 18:13:19 UTC",79,891,14
"2019-02-10 15:26:21 UTC",79,892,14
"2019-02-10 13:00:44 UTC",79,892,14
"2019-02-10 10:25:33 UTC",79,894,14
"2019-02-10 08:02:46 UTC",79,894,14
"2019-02-10 05:15:56 UTC",79,894,14
"2019-02-10 02:50:23 UTC",79,894,14
"2019-02-10 00:09:33 UTC",79,894,14
"2019-02-09 21:50:09 UTC",79,894,14
"2019-02-09 19:08:37 UTC",79,895,14
"2019-02-09 16:49:44 UTC",79,897,14
"2019-02-09 14:11:35 UTC",79,898,14
"2019-02-09 11:54:10 UTC",79,898,14
"2019-02-09 09:17:00 UTC",79,898,14
"2019-02-09 06:53:18 UTC",79,899,14
"2019-02-09 04:12:06 UTC",79,901,14
"2019-02-09 01:51:37 UTC",79,902,14
"2019-02-08 23:14:30 UTC",79,902,14
"2019-02-08 20:48:12 UTC",79,904,14
"2019-02-08 18:03:47 UTC",79,904,14
"2019-02-08 15:44:48 UTC",79,905,14
"2019-02-08 13:02:21 UTC",79,905,14
"2019-02-08 10:44:46 UTC",78,850,13
"2019-02-08 08:09:34 UTC",78,850,13
"2019-02-08 05:52:16 UTC",78,850,13
"2019-02-08 03:12:21 UTC",78,850,13
"2019-02-08 00:56:35 UTC",78,850,13
"2019-02-07 22:14:32 UTC",78,851,13
"2019-02-07 19:51:52 UTC",78,851,13
"2019-02-07 17:08:57 UTC",78,852,13
"2019-02-07 14:54:00 UTC",78,853,13
"2019-02-07 12:10:39 UTC",78,853,13
"2019-02-07 09:44:40 UTC",78,853,13
"2019-02-07 07:10:28 UTC",77,803,12
"2019-02-07 04:52:31 UTC",77,804,12
"2019-02-07 02:09:01 UTC",77,804,12
"2019-02-06 23:47:37 UTC",77,804,12
"2019-02-06 21:08:23 UTC",77,804,12
"2019-02-06 18:42:28 UTC",77,804,12
"2019-02-06 15:57:06 UTC",77,805,12
"2019-02-06 13:41:43 UTC",77,805,12
"2019-02-06 10:57:35 UTC",77,805,12
"2019-02-06 08:35:43 UTC",77,806,12
"2019-02-06 06:04:10 UTC",77,807,12
"2019-02-06 03:43:46 UTC",77,807,12
"2019-02-06 01:02:27 UTC",77,808,12
"2019-02-05 22:40:02 UTC",77,808,12
"2019-02-05 19:56:04 UTC",77,808,12
"2019-02-05 17:37:25 UTC",77,809,12
"2019-02-05 14:56:39 UTC",77,810,12
"2019-02-05 12:38:19 UTC",76,806,11
"2019-02-05 09:58:43 UTC",76,806,11
"2019-02-05 07:41:09 UTC",76,807,11
"2019-02-05 05:03:49 UTC",76,809,11
"2019-02-05 02:41:37 UTC",76,810,11
"2019-02-05 00:05:28 UTC",76,813,11
"2019-02-04 21:45:20 UTC",76,813,11
"2019-02-04 19:04:41 UTC",76,814,11
"2019-02-04 16:35:51 UTC",76,814,11
"2019-02-04 13:50:46 UTC",76,815,11
"2019-02-04 11:31:53 UTC",76,815,11
"2019-02-04 08:48:41 UTC",76,817,11
"2019-02-04 06:30:40 UTC",76,818,11
"2019-02-04 03:54:30 UTC",76,818,11
"2019-02-04 01:39:28 UTC",76,818,11
"2019-02-03 22:59:54 UTC",76,818,11
"2019-02-03 20:42:56 UTC",76,818,11
"2019-02-03 18:02:00 UTC",76,820,11
"2019-02-03 15:35:23 UTC",76,822,11
"2019-02-03 12:55:37 UTC",76,823,11
"2019-02-03 10:40:15 UTC",76,824,11
"2019-02-03 07:55:30 UTC",76,824,11
"2019-02-03 05:28:04 UTC",76,824,11
"2019-02-03 02:50:24 UTC",76,824,11
"2019-02-03 00:31:30 UTC",76,824,11
"2019-02-02 21:50:03 UTC",76,824,11
"2019-02-02 19:29:46 UTC",76,825,11
"2019-02-02 16:49:35 UTC",77,827,12
"2019-02-02 14:31:15 UTC",77,827,12
"2019-02-02 11:47:42 UTC",77,827,12
"2019-02-02 09:34:02 UTC",77,827,12
"2019-02-02 06:53:36 UTC",77,827,12
"2019-02-02 04:33:54 UTC",77,827,12
"2019-02-02 01:59:55 UTC",77,827,12
"2019-02-01 23:33:15 UTC",77,827,12
"2019-02-01 20:48:35 UTC",76,828,11
"2019-02-01 18:24:14 UTC",76,830,11
"2019-02-01 15:45:01 UTC",76,831,11
"2019-02-01 13:28:47 UTC",76,831,11
"2019-02-01 10:45:16 UTC",76,831,11
"2019-02-01 08:28:18 UTC",76,831,11
"2019-02-01 05:48:33 UTC",76,831,11
"2019-02-01 03:32:31 UTC",76,831,11
"2019-02-01 00:58:07 UTC",76,831,11
"2019-01-31 22:35:16 UTC",76,832,11
"2019-01-31 19:53:01 UTC",77,834,12
"2019-01-31 17:35:11 UTC",77,834,12
"2019-01-31 14:58:29 UTC",77,834,12
"2019-01-31 12:33:38 UTC",77,834,12
"2019-01-31 09:47:57 UTC",77,834,12
"2019-01-31 07:30:21 UTC",77,835,12
"2019-01-31 04:46:22 UTC",77,835,12
"2019-01-31 02:26:03 UTC",77,836,12
"2019-01-30 23:50:06 UTC",77,836,12
"2019-01-30 21:30:46 UTC",76,834,11
"2019-01-30 18:42:01 UTC",76,836,11
"2019-01-30 16:24:06 UTC",76,837,11
"2019-01-30 13:43:44 UTC",76,837,11
"2019-01-30 11:22:07 UTC",76,837,11
"2019-01-30 08:45:36 UTC",76,837,11
"2019-01-30 06:31:12 UTC",76,838,11
"2019-01-30 03:48:04 UTC",76,840,11
"2019-01-30 01:25:04 UTC",76,840,11
"2019-01-29 22:52:42 UTC",76,841,11
"2019-01-29 20:31:36 UTC",76,841,11
"2019-01-29 17:48:04 UTC",76,841,11
"2019-01-29 15:22:35 UTC",76,841,11
"2019-01-29 12:41:25 UTC",76,841,11
"2019-01-29 10:22:59 UTC",76,841,11
"2019-01-29 07:37:52 UTC",76,841,11
"2019-01-29 05:21:22 UTC",75,751,10
"2019-01-29 02:43:01 UTC",75,751,10
"2019-01-29 00:23:28 UTC",75,751,10
"2019-01-28 21:47:27 UTC",75,751,10
"2019-01-28 19:20:06 UTC",75,753,10
"2019-01-28 16:35:24 UTC",75,753,10
"2019-01-28 14:12:49 UTC",74,733,9
"2019-01-28 11:35:21 UTC",74,733,9
"2019-01-28 09:17:46 UTC",74,733,9
"2019-01-28 06:31:01 UTC",74,722,9
"2019-01-28 04:12:31 UTC",74,722,9
"2019-01-28 01:33:53 UTC",74,724,9
"2019-01-27 23:16:48 UTC",74,725,9
"2019-01-27 20:38:28 UTC",74,726,9
"2019-01-27 18:10:13 UTC",74,728,9
"2019-01-27 15:25:05 UTC",74,728,9
"2019-01-27 13:03:29 UTC",74,730,9
"2019-01-27 10:23:34 UTC",74,730,9
"2019-01-27 07:54:08 UTC",74,730,9
"2019-01-27 05:04:07 UTC",74,730,9
"2019-01-27 02:42:06 UTC",74,730,9
"2019-01-26 23:57:03 UTC",74,731,9
"2019-01-26 21:34:19 UTC",74,732,9
"2019-01-26 18:55:38 UTC",74,732,9
"2019-01-26 16:35:41 UTC",74,732,9
"2019-01-26 13:50:10 UTC",74,732,9
"2019-01-26 11:30:15 UTC",74,732,9
"2019-01-26 08:47:34 UTC",74,733,9
"2019-01-26 06:26:08 UTC",74,734,10
"2019-01-26 03:43:57 UTC",74,726,10
"2019-01-26 01:23:13 UTC",74,726,10
"2019-01-26 00:00:00 UTC",73,726,9
"2019-01-25 00:00:00 UTC",72,714,9
"2019-01-24 00:00:00 UTC",72,701,9
"2019-01-22 00:00:00 UTC",72,702,10
"2019-01-21 00:00:00 UTC",71,767,10
"2019-01-20 00:00:00 UTC",71,794,10
"2019-01-19 00:00:00 UTC",71,803,10
"2019-01-18 00:00:00 UTC",71,810,10
"2019-01-17 00:00:00 UTC",70,747,9
"2019-01-16 00:00:00 UTC",70,704,9
"2019-01-15 00:00:00 UTC",70,696,9
"2019-01-14 00:00:00 UTC",70,702,9
"2019-01-13 00:00:00 UTC",70,701,9
"2019-01-12 00:00:00 UTC",70,702,9
"2019-01-11 00:00:00 UTC",70,702,9
"2019-01-10 00:00:00 UTC",70,702,9
"2019-01-09 00:00:00 UTC",70,700,9
"2019-01-08 00:00:00 UTC",69,704,9
"2019-01-07 00:00:00 UTC",68,688,8
"2019-01-06 00:00:00 UTC",68,683,8
"2019-01-05 00:00:00 UTC",68,686,8
"2019-01-04 00:00:00 UTC",68,685,8
"2019-01-03 00:00:00 UTC",68,685,8
"2019-01-02 00:00:00 UTC",70,690,10
"2019-01-01 00:00:00 UTC",69,688,9
"2018-12-31 00:00:00 UTC",68,686,8
"2018-12-30 00:00:00 UTC",67,688,8
"2018-12-29 00:00:00 UTC",66,673,7
"2018-12-28 00:00:00 UTC",66,682,8
"2018-12-27 00:00:00 UTC",66,680,8
"2018-12-26 00:00:00 UTC",66,675,8
"2018-12-25 00:00:00 UTC",66,680,8
"2018-12-24 00:00:00 UTC",66,681,8
"2018-12-23 00:00:00 UTC",66,681,8
"2018-12-22 00:00:00 UTC",66,681,8
"2018-12-21 00:00:00 UTC",66,679,8
"2018-12-20 00:00:00 UTC",66,680,8
"2018-12-19 00:00:00 UTC",66,679,8
"2018-12-18 00:00:00 UTC",66,691,8
"2018-12-17 00:00:00 UTC",66,694,9
"2018-12-16 00:00:00 UTC",66,694,9
"2018-12-15 00:00:00 UTC",66,695,9
"2018-12-14 00:00:00 UTC",66,692,9
"2018-12-13 00:00:00 UTC",96,701,9
"2018-12-12 00:00:00 UTC",97,775,10
"2018-12-11 00:00:00 UTC",66,784,10
"2018-12-10 00:00:00 UTC",66,789,10
"2018-12-09 00:00:00 UTC",65,758,10
"2018-12-08 00:00:00 UTC",63,618,9
"2018-12-07 00:00:00 UTC",63,579,9
"2018-12-06 00:00:00 UTC",62,576,8
"2018-12-05 00:00:00 UTC",62,577,8
"2018-12-04 00:00:00 UTC",62,572,8
"2018-12-03 00:00:00 UTC",62,572,8
"2018-12-02 00:00:00 UTC",62,573,8
"2018-12-01 00:00:00 UTC",62,572,8
"2018-11-30 00:00:00 UTC",62,576,8
"2018-11-29 00:00:00 UTC",62,575,8
"2018-11-28 00:00:00 UTC",61,574,7
"2018-11-27 00:00:00 UTC",60,568,7
"2018-11-26 00:00:00 UTC",60,566,7
"2018-11-25 00:00:00 UTC",60,566,7
"2018-11-24 00:00:00 UTC",60,568,7
"2018-11-23 00:00:00 UTC",60,565,7
"2018-11-22 00:00:00 UTC",59,562,6
"2018-11-21 00:00:00 UTC",59,542,6
"2018-11-20 00:00:00 UTC",59,545,6
"2018-11-19 00:00:00 UTC",59,548,6
"2018-11-18 00:00:00 UTC",59,554,6
"2018-11-17 00:00:00 UTC",58,535,5
"2018-11-16 00:00:00 UTC",58,530,5
"2018-11-15 00:00:00 UTC",131,532,6
"2018-11-14 00:00:00 UTC",144,535,7
"2018-11-13 00:00:00 UTC",144,539,7
"2018-11-12 00:00:00 UTC",144,547,7
"2018-11-11 00:00:00 UTC",144,563,7
"2018-11-10 00:00:00 UTC",145,577,8
"2018-11-09 00:00:00 UTC",145,580,8
"2018-11-08 00:00:00 UTC",145,587,8
"2018-11-07 00:00:00 UTC",145,597,8
"2018-11-06 00:00:00 UTC",145,605,8
"2018-11-05 00:00:00 UTC",145,613,8
"2018-11-04 00:00:00 UTC",145,617,8
"2018-11-03 00:00:00 UTC",145,624,8
"2018-11-02 00:00:00 UTC",145,636,8
"2018-11-01 00:00:00 UTC",145,642,8
"2018-10-31 00:00:00 UTC",145,646,8
"2018-10-30 00:00:00 UTC",145,649,8
"2018-10-29 00:00:00 UTC",145,610,8
"2018-10-27 00:00:00 UTC",145,600,8
"2018-10-26 00:00:00 UTC",145,605,8
"2018-10-25 00:00:00 UTC",145,613,8
"2018-10-24 00:00:00 UTC",145,623,8
"2018-10-23 00:00:00 UTC",145,629,8
"2018-10-22 00:00:00 UTC",145,639,8
"2018-10-21 00:00:00 UTC",145,644,8
"2018-10-20 00:00:00 UTC",145,633,8
"2018-10-19 00:00:00 UTC",145,615,8
"2018-10-18 00:00:00 UTC",145,625,8
"2018-10-17 00:00:00 UTC",145,625,8
"2018-10-16 00:00:00 UTC",145,625,8
"2018-10-15 00:00:00 UTC",144,598,7
"2018-10-14 00:00:00 UTC",144,563,7
"2018-10-13 00:00:00 UTC",144,573,7
"2018-10-12 00:00:00 UTC",144,577,7
"2018-10-11 00:00:00 UTC",144,581,7
"2018-10-10 00:00:00 UTC",144,586,7
"2018-10-09 00:00:00 UTC",144,593,7
"2018-10-08 00:00:00 UTC",144,600,7
"2018-10-07 00:00:00 UTC",144,606,7
"2018-10-06 00:00:00 UTC",144,661,7
"2018-10-05 00:00:00 UTC",144,671,8
"2018-10-04 00:00:00 UTC",145,676,9
"2018-10-03 00:00:00 UTC",145,683,9
"2018-10-02 00:00:00 UTC",145,686,9
"2018-10-01 00:00:00 UTC",145,689,9
"2018-09-30 00:00:00 UTC",145,695,9
"2018-09-29 00:00:00 UTC",145,699,9
"2018-09-28 00:00:00 UTC",145,709,9
"2018-09-27 00:00:00 UTC",146,717,9
"2018-09-26 00:00:00 UTC",147,727,10
"2018-09-25 00:00:00 UTC",147,737,10
"2018-09-24 00:00:00 UTC",147,746,10
"2018-09-23 00:00:00 UTC",152,788,10
"2018-09-22 00:00:00 UTC",148,779,11
"2018-09-21 00:00:00 UTC",148,781,11
"2018-09-20 00:00:00 UTC",148,781,11
"2018-09-19 00:00:00 UTC",148,781,11
"2018-09-18 00:00:00 UTC",147,783,11
"2018-09-17 00:00:00 UTC",146,774,10
"2018-09-16 00:00:00 UTC",145,719,9
"2018-09-15 00:00:00 UTC",145,726,9
"2018-09-14 00:00:00 UTC",145,733,9
"2018-09-13 00:00:00 UTC",145,728,9
"2018-09-12 00:00:00 UTC",145,713,9
"2018-09-11 00:00:00 UTC",145,717,9
"2018-09-10 00:00:00 UTC",145,723,9
"2018-09-09 00:00:00 UTC",145,735,9
"2018-09-08 00:00:00 UTC",145,742,9
"2018-09-07 00:00:00 UTC",144,718,8
"2018-09-06 00:00:00 UTC",187,682,9
"2018-09-05 00:00:00 UTC",187,685,9
"2018-09-04 00:00:00 UTC",187,693,9
"2018-09-03 00:00:00 UTC",187,646,8
"2018-09-02 00:00:00 UTC",187,654,8
"2018-09-01 00:00:00 UTC",187,661,8
"2018-08-31 00:00:00 UTC",187,670,8
"2018-08-30 00:00:00 UTC",188,674,9
"2018-08-29 00:00:00 UTC",189,683,10
"2018-08-28 00:00:00 UTC",189,689,10
"2018-08-27 00:00:00 UTC",189,699,10
"2018-08-26 00:00:00 UTC",189,708,10
"2018-08-25 00:00:00 UTC",189,716,10
"2018-08-24 00:00:00 UTC",189,722,10
"2018-08-23 00:00:00 UTC",189,727,10
"2018-08-22 00:00:00 UTC",189,875,10
"2018-08-21 00:00:00 UTC",190,988,12
"2018-08-20 00:00:00 UTC",190,1000,12
"2018-08-19 00:00:00 UTC",190,1012,12
"2018-08-18 00:00:00 UTC",190,1020,12
"2018-08-17 00:00:00 UTC",190,1030,12
"2018-08-16 00:00:00 UTC",191,1040,13
"2018-08-15 00:00:00 UTC",192,1046,14
"2018-08-14 00:00:00 UTC",192,1050,14
"2018-08-13 00:00:00 UTC",192,1058,14
"2018-08-12 00:00:00 UTC",192,1068,14
"2018-08-11 00:00:00 UTC",192,1079,14
"2018-08-10 00:00:00 UTC",192,1085,14
"2018-08-09 00:00:00 UTC",191,1066,13
"2018-08-08 00:00:00 UTC",191,993,13
"2018-08-07 00:00:00 UTC",191,994,13
"2018-08-06 00:00:00 UTC",191,1001,13
"2018-08-05 00:00:00 UTC",191,1004,13
"2018-08-04 00:00:00 UTC",191,1012,13
"2018-08-03 00:00:00 UTC",191,1018,13
"2018-08-02 00:00:00 UTC",191,1024,13
"2018-08-01 00:00:00 UTC",191,1032,13
"2018-07-31 00:00:00 UTC",191,1039,13
"2018-07-30 00:00:00 UTC",191,1039,13
"2018-07-29 00:00:00 UTC",190,1023,12
"2018-07-28 00:00:00 UTC",190,988,13
"2018-06-27 00:34:54 UTC",189,761,10
"2018-06-27 00:00:00 UTC",189,763,10
"2018-06-26 00:00:00 UTC",189,769,10
"2018-06-25 00:00:00 UTC",188,760,9
"2018-06-24 00:00:00 UTC",189,761,10
"2018-06-23 00:00:00 UTC",189,759,10
"2018-06-22 00:00:00 UTC",189,758,10
"2018-06-21 00:00:00 UTC",189,757,10
"2018-06-20 00:00:00 UTC",189,763,10
"2018-06-19 00:00:00 UTC",188,754,9
"2018-06-18 00:00:00 UTC",189,755,10
"2018-06-17 00:00:00 UTC",189,760,10
"2018-06-16 00:00:00 UTC",188,755,9
"2018-06-15 00:00:00 UTC",189,758,10
"2018-06-14 00:00:00 UTC",188,736,9
"2018-06-13 00:00:00 UTC",189,739,10
"2018-06-12 00:00:00 UTC",189,747,10
"2018-06-11 00:00:00 UTC",188,748,9
"2018-06-10 00:00:00 UTC",188,738,9
"2018-06-09 00:00:00 UTC",188,725,9
"2018-06-08 00:00:00 UTC",188,737,9
"2018-06-07 00:00:00 UTC",188,756,9
"2018-06-06 00:00:00 UTC",188,761,9
"2018-06-05 00:00:00 UTC",188,749,9
"2018-06-04 00:00:00 UTC",189,763,9
"2018-06-03 00:00:00 UTC",190,773,10
"2018-06-02 00:00:00 UTC",190,785,10
"2018-06-01 00:00:00 UTC",190,821,10
"2018-05-31 00:00:00 UTC",190,893,11
"2018-05-30 00:00:00 UTC",189,861,10
"2018-05-25 00:00:00 UTC",188,790,9
"2018-05-24 00:00:00 UTC",188,797,9
"2018-05-23 00:00:00 UTC",188,804,9
"2018-05-22 00:00:00 UTC",188,854,9
"2018-05-21 00:00:00 UTC",189,890,10
"2018-05-20 00:00:00 UTC",189,899,10
"2018-05-19 00:00:00 UTC",189,905,10
"2018-05-18 00:00:00 UTC",189,869,10
"2018-05-17 00:00:00 UTC",189,865,10
"2018-05-16 00:00:00 UTC",189,872,10
"2018-05-15 00:00:00 UTC",189,878,10
"2018-05-14 00:00:00 UTC",189,867,10
"2018-05-13 00:00:00 UTC",189,848,10
"2018-05-12 00:00:00 UTC",189,833,10
"2018-05-11 00:00:00 UTC",189,843,10
"2018-05-10 00:00:00 UTC",189,849,10
"2018-05-09 00:00:00 UTC",189,822,10
"2018-05-08 00:00:00 UTC",189,824,10
"2018-05-07 00:00:00 UTC",189,829,10
"2018-05-06 00:00:00 UTC",188,819,9
"2018-05-05 00:00:00 UTC",188,790,9
"2018-05-04 00:00:00 UTC",188,750,9
"2018-05-03 00:00:00 UTC",188,755,9
"2018-05-02 00:00:00 UTC",188,764,9
"2018-05-01 00:00:00 UTC",188,772,9
"2018-04-30 00:00:00 UTC",188,779,9
"2018-04-29 00:00:00 UTC",189,750,9
"2018-04-28 00:00:00 UTC",190,723,9
"2018-04-27 00:00:00 UTC",190,728,9
"2018-04-26 00:00:00 UTC",190,734,9
"2018-04-25 00:00:00 UTC",190,738,9
"2018-04-24 00:00:00 UTC",190,750,9
"2018-04-23 00:00:00 UTC",190,759,9
"2018-04-22 00:00:00 UTC",190,769,9
"2018-04-21 00:00:00 UTC",190,725,10
"2018-04-20 00:00:00 UTC",191,691,10
"2018-04-19 00:00:00 UTC",191,706,11
"2018-04-18 00:00:00 UTC",191,712,11
"2018-04-17 00:00:00 UTC",191,723,11
"2018-04-16 00:00:00 UTC",191,730,11
"2018-04-15 00:00:00 UTC",191,744,11
"2018-04-14 00:00:00 UTC",191,750,11
"2018-04-13 00:00:00 UTC",191,761,11
"2018-04-12 00:00:00 UTC",190,761,11
"2018-04-11 00:00:00 UTC",190,761,11
"2018-04-10 00:00:00 UTC",190,772,11
"2018-04-09 00:00:00 UTC",189,770,10
"2018-04-08 00:00:00 UTC",189,759,10
"2018-04-07 00:00:00 UTC",189,761,10
"2018-04-06 00:00:00 UTC",190,777,11
"2018-04-05 00:00:00 UTC",190,785,11
"2018-04-04 00:00:00 UTC",190,790,11
"2018-04-03 00:00:00 UTC",190,789,11
"2018-04-02 00:00:00 UTC",189,789,10
"2018-04-01 00:00:00 UTC",188,755,9
"2018-03-31 00:00:00 UTC",188,742,9
"2018-03-30 00:00:00 UTC",188,746,9
"2018-03-29 00:00:00 UTC",187,715,8
"2018-03-28 00:00:00 UTC",187,675,8
"2018-03-27 00:00:00 UTC",187,681,8
"2018-03-26 00:00:00 UTC",187,692,8
"2018-03-25 00:00:00 UTC",187,708,8
"2018-03-24 00:00:00 UTC",187,716,8
"2018-03-23 00:00:00 UTC",260,726,9
"2018-03-22 00:00:00 UTC",261,737,10
"2018-03-21 00:00:00 UTC",261,745,10
"2018-03-20 00:00:00 UTC",261,754,10
"2018-03-19 00:00:00 UTC",261,768,10
"2018-03-18 00:00:00 UTC",261,776,10
"2018-03-17 00:00:00 UTC",261,759,10
"2018-03-16 00:00:00 UTC",261,748,10
"2018-03-15 00:00:00 UTC",262,757,11
"2018-03-14 00:00:00 UTC",262,763,11
"2018-03-13 00:00:00 UTC",261,757,10
"2018-03-12 00:00:00 UTC",261,756,10
"2018-03-11 00:00:00 UTC",261,768,10
"2018-03-10 00:00:00 UTC",261,778,10
"2018-03-09 00:00:00 UTC",260,754,9
"2018-03-08 00:00:00 UTC",260,727,9
"2018-03-07 00:00:00 UTC",263,732,10
"2018-03-06 00:00:00 UTC",263,740,10
"2018-03-05 00:00:00 UTC",263,748,10
"2018-03-04 00:00:00 UTC",263,763,10
"2018-03-03 00:00:00 UTC",263,776,10
"2018-03-02 00:00:00 UTC",263,783,10
"2018-03-01 00:00:00 UTC",264,794,11
"2018-02-28 00:00:00 UTC",263,803,11
"2018-02-27 00:00:00 UTC",262,772,11
"2018-02-26 00:00:00 UTC",262,765,11
"2018-02-25 00:00:00 UTC",262,768,11
"2018-02-24 00:00:00 UTC",262,773,11
"2018-02-23 00:00:00 UTC",262,763,11
"2018-02-22 00:00:00 UTC",261,767,10
"2018-02-21 00:00:00 UTC",261,758,10
"2018-02-20 00:00:00 UTC",261,747,10
"2018-02-19 00:00:00 UTC",261,740,10
"2018-02-18 00:00:00 UTC",261,752,10
"2018-02-17 00:00:00 UTC",261,761,10
"2018-02-16 00:00:00 UTC",260,745,9
"2018-02-15 00:00:00 UTC",261,738,10
"2018-02-14 00:00:00 UTC",261,752,10
"2018-02-13 00:00:00 UTC",260,745,9
"2018-02-12 00:00:00 UTC",260,740,9
"2018-02-11 00:00:00 UTC",261,755,10
"2018-02-10 00:00:00 UTC",261,771,10
"2018-02-09 00:00:00 UTC",260,762,9
"2018-02-08 00:00:00 UTC",261,750,10
"2018-02-07 00:00:00 UTC",261,761,10
"2018-02-06 00:00:00 UTC",261,775,10
"2018-02-05 00:00:00 UTC",261,770,10
"2018-02-04 00:00:00 UTC",261,771,10
"2018-02-03 00:00:00 UTC",261,771,10
"2018-02-02 00:00:00 UTC",261,772,10
"2018-02-01 00:00:00 UTC",261,777,10
"2018-01-31 00:00:00 UTC",261,781,10
"2018-01-30 00:00:00 UTC",261,784,10
"2018-01-29 00:00:00 UTC",262,805,11
"2018-01-28 00:00:00 UTC",261,785,10
"2018-01-27 00:00:00 UTC",260,776,9
"2018-01-26 00:00:00 UTC",260,794,9
"2018-01-25 00:00:00 UTC",261,797,10
"2018-01-24 00:00:00 UTC",261,788,10
"2018-01-23 00:00:00 UTC",261,793,10
"2018-01-22 00:00:00 UTC",261,912,10
"2018-01-21 00:00:00 UTC",261,1044,11
"2018-01-20 00:00:00 UTC",261,1045,11
"2018-01-19 00:00:00 UTC",260,849,9
"2018-01-18 00:00:00 UTC",260,771,9
"2018-01-17 00:00:00 UTC",260,778,9
"2018-01-16 00:00:00 UTC",260,780,9
"2018-01-15 00:00:00 UTC",261,803,10
"2018-01-14 00:00:00 UTC",261,820,10
"2018-01-13 00:00:00 UTC",261,831,10
"2018-01-12 00:00:00 UTC",261,839,10
"2018-01-11 00:00:00 UTC",261,847,10
"2018-01-10 00:00:00 UTC",261,852,10
"2018-01-09 00:00:00 UTC",261,856,10
"2018-01-08 00:00:00 UTC",261,864,10
"2018-01-07 00:00:00 UTC",261,868,10
"2018-01-06 00:00:00 UTC",261,880,10
"2018-01-05 00:00:00 UTC",262,871,11
"2018-01-04 00:00:00 UTC",262,881,11
"2018-01-03 00:00:00 UTC",261,883,10
"2018-01-02 00:00:00 UTC",261,875,10
"2018-01-01 00:00:00 UTC",261,886,10
"2017-12-31 00:00:00 UTC",261,894,10
"2017-12-30 00:00:00 UTC",262,906,11
"2017-12-29 00:00:00 UTC",262,913,11
"2017-12-28 00:00:00 UTC",261,906,10
"2017-12-27 00:00:00 UTC",261,907,10
"2017-12-26 00:00:00 UTC",260,846,9
"2017-12-25 00:00:00 UTC",261,830,10
"2017-12-24 00:00:00 UTC",261,843,10
"2017-12-23 00:00:00 UTC",261,849,10
"2017-12-22 00:00:00 UTC",261,859,10
"2017-12-21 00:00:00 UTC",261,866,10
"2017-12-20 00:00:00 UTC",261,873,10
"2017-12-19 00:00:00 UTC",261,880,10
"2017-12-18 00:00:00 UTC",261,898,10
"2017-12-17 00:00:00 UTC",261,913,10
"2017-12-16 00:00:00 UTC",261,903,10
"2017-12-15 00:00:00 UTC",261,898,10
"2017-12-14 00:00:00 UTC",261,906,10
"2017-12-13 00:00:00 UTC",261,914,10
"2017-12-12 00:00:00 UTC",261,941,10
"2017-12-11 00:00:00 UTC",262,948,11
"2017-12-10 00:00:00 UTC",262,950,11
"2017-12-09 00:00:00 UTC",262,949,11
"2017-12-08 00:00:00 UTC",376,920,10
"2017-12-07 00:00:00 UTC",429,951,11
"2017-12-06 00:00:00 UTC",430,966,12
"2017-12-05 00:00:00 UTC",430,974,12
"2017-12-04 00:00:00 UTC",429,968,11
"2017-12-03 00:00:00 UTC",429,977,11
"2017-12-02 00:00:00 UTC",429,983,11
"2017-12-01 00:00:00 UTC",428,912,10
"2017-11-30 00:00:00 UTC",428,941,11
"2017-11-29 00:00:00 UTC",429,955,12
"2017-11-28 00:00:00 UTC",430,964,13
"2017-11-27 00:00:00 UTC",429,964,12
"2017-11-26 00:00:00 UTC",429,969,12
"2017-11-25 00:00:00 UTC",429,981,12
"2017-11-24 00:00:00 UTC",429,905,11
"2017-11-23 00:00:00 UTC",431,881,11
"2017-11-22 00:00:00 UTC",431,888,11
"2017-11-21 00:00:00 UTC",431,913,11
"2017-11-20 00:00:00 UTC",430,906,11
"2017-11-19 00:00:00 UTC",431,912,12
"2017-11-18 00:00:00 UTC",431,945,13
"2017-11-17 00:00:00 UTC",432,962,14
"2017-11-16 00:00:00 UTC",431,951,13
"2017-11-15 00:00:00 UTC",430,944,13
"2017-11-14 00:00:00 UTC",430,955,13
"2017-11-13 00:00:00 UTC",428,909,12
"2017-11-12 00:00:00 UTC",428,886,12
"2017-11-11 00:00:00 UTC",427,893,11
"2017-11-10 00:00:00 UTC",428,893,12
"2017-11-09 00:00:00 UTC",427,879,11
"2017-11-08 00:00:00 UTC",427,887,11
"2017-11-07 00:00:00 UTC",427,903,11
"2017-11-06 00:00:00 UTC",428,919,13
"2017-11-05 00:00:00 UTC",428,932,13
"2017-11-04 00:00:00 UTC",428,938,12
"2017-11-03 00:00:00 UTC",428,948,12
"2017-10-31 00:00:00 UTC",425,873,10
"2017-10-30 00:00:00 UTC",424,964,11
"2017-10-28 00:00:00 UTC",424,1059,13
"2017-10-27 00:00:00 UTC",423,1040,13
"2017-10-26 00:00:00 UTC",422,975,12
"2017-10-25 00:00:00 UTC",420,895,11
"2017-10-24 00:00:00 UTC",419,864,10
"2017-10-23 00:00:00 UTC",420,884,10
"2017-10-22 00:00:00 UTC",422,937,12
"2017-10-21 00:00:00 UTC",422,1025,12
"2017-10-20 00:00:00 UTC",422,1045,12
"2017-10-19 00:00:00 UTC",422,1006,12
"2017-10-18 00:00:00 UTC",422,1020,12
"2017-10-17 00:00:00 UTC",422,1033,12
"2017-10-16 00:00:00 UTC",421,1017,12
"2017-10-15 00:00:00 UTC",420,999,12
"2017-10-14 00:00:00 UTC",420,996,12
"2017-10-13 00:00:00 UTC",420,1019,12
"2017-10-12 00:00:00 UTC",419,1041,13
"2017-10-11 00:00:00 UTC",419,1063,13
"2017-10-10 00:00:00 UTC",418,1068,12
"2017-10-09 00:00:00 UTC",416,1022,13
"2017-10-08 00:00:00 UTC",416,1031,13
"2017-10-07 00:00:00 UTC",415,1012,12
"2017-10-06 00:00:00 UTC",413,978,13
"2017-10-05 00:00:00 UTC",413,975,13
"2017-10-04 00:00:00 UTC",413,983,13
"2017-10-03 00:00:00 UTC",412,960,12
"2017-10-02 00:00:00 UTC",412,950,12
"2017-10-01 00:00:00 UTC",412,982,12
"2017-09-30 00:00:00 UTC",412,1025,13
"2017-09-29 00:00:00 UTC",411,1031,13
"2017-09-28 00:00:00 UTC",411,1014,13
"2017-09-27 00:00:00 UTC",411,1025,13
"2017-09-26 00:00:00 UTC",411,1033,13
"2017-09-23 00:00:00 UTC",422,973,12
"2017-09-22 00:00:00 UTC",422,979,12
"2017-09-21 00:00:00 UTC",422,992,12
"2017-09-20 00:00:00 UTC",422,1012,12
"2017-09-19 00:00:00 UTC",422,1031,12
"2017-09-18 00:00:00 UTC",422,1023,12
"2017-09-17 00:00:00 UTC",422,1026,12
"2017-09-16 00:00:00 UTC",422,1031,12
"2017-09-15 00:00:00 UTC",421,971,11
"2017-09-14 00:00:00 UTC",420,991,12
"2017-09-13 00:00:00 UTC",420,1007,13
"2017-09-12 00:00:00 UTC",420,1027,13
"2017-09-11 00:00:00 UTC",421,1048,14
"2017-09-10 00:00:00 UTC",421,1070,14
"2017-09-09 00:00:00 UTC",420,1069,13
"2017-09-08 00:00:00 UTC",420,1030,13
"2017-09-07 00:00:00 UTC",420,1036,13
"2017-09-06 00:00:00 UTC",420,1046,13
"2017-09-05 00:00:00 UTC",420,1063,13
"2017-09-04 00:00:00 UTC",420,1104,15
"2017-09-03 00:00:00 UTC",418,1091,14
"2017-09-02 00:00:00 UTC",416,1044,13
"2017-09-01 00:00:00 UTC",415,1012,12
"2017-08-31 00:00:00 UTC",414,958,12
"2017-08-30 00:00:00 UTC",414,963,13
"2017-08-29 00:00:00 UTC",414,994,13
"2017-08-28 00:00:00 UTC",413,987,13
"2017-08-27 00:00:00 UTC",412,950,12
"2017-08-26 00:00:00 UTC",411,906,11
"2017-08-25 00:00:00 UTC",411,915,11
"2017-08-24 00:00:00 UTC",410,921,11
"2017-08-23 00:00:00 UTC",410,929,12
"2017-08-22 00:00:00 UTC",409,943,11
"2017-08-21 00:00:00 UTC",409,938,11
"2017-08-20 00:00:00 UTC",409,946,11
"2017-08-19 00:00:00 UTC",415,893,11
"2017-08-18 00:00:00 UTC",423,935,12
"2017-08-17 00:00:00 UTC",423,957,12
"2017-08-16 00:00:00 UTC",423,950,13
"2017-08-15 00:00:00 UTC",423,962,13
"2017-08-14 00:00:00 UTC",423,978,14
"2017-08-13 00:00:00 UTC",422,1025,14
"2017-08-12 00:00:00 UTC",421,961,13
"2017-08-11 00:00:00 UTC",421,978,13
"2017-08-10 00:00:00 UTC",423,1014,14
"2017-08-09 00:00:00 UTC",422,1047,15
"2017-08-08 00:00:00 UTC",421,1093,14
"2017-08-07 00:00:00 UTC",419,920,13
"2017-08-06 00:00:00 UTC",419,906,13
"2017-08-05 00:00:00 UTC",419,923,13
"2017-08-04 00:00:00 UTC",419,1093,14
"2017-08-03 00:00:00 UTC",419,1132,14
"2017-08-02 00:00:00 UTC",420,1137,15
"2017-08-01 00:00:00 UTC",419,1133,14
"2017-07-31 00:00:00 UTC",418,1137,14
"2017-07-30 00:00:00 UTC",417,1138,14
"2017-07-29 00:00:00 UTC",418,1143,15
"2017-07-28 00:00:00 UTC",417,1182,15
"2017-07-27 00:00:00 UTC",417,1282,16
"2017-07-26 00:00:00 UTC",415,1243,16
"2017-07-25 00:00:00 UTC",414,1210,16
"2017-07-24 00:00:00 UTC",413,1194,16
"2017-07-23 00:00:00 UTC",412,1162,16
"2017-07-22 00:00:00 UTC",411,1163,16
"2017-07-21 00:00:00 UTC",411,1170,16
"2017-07-20 00:00:00 UTC",411,1186,16
"2017-07-19 00:00:00 UTC",410,1188,15
"2017-07-18 00:00:00 UTC",410,1157,15
"2017-07-17 00:00:00 UTC",410,1165,15
"2017-07-16 00:00:00 UTC",410,1178,15
"2017-07-15 00:00:00 UTC",410,1188,15
"2017-07-14 00:00:00 UTC",410,1201,15
"2017-07-13 00:00:00 UTC",411,1214,16
"2017-07-12 00:00:00 UTC",410,1207,15
"2017-07-11 00:00:00 UTC",410,1209,15
"2017-06-23 00:00:00 UTC",406,1371,15
"2017-06-22 00:00:00 UTC",406,1379,15
"2017-06-21 00:00:00 UTC",405,1386,14
"2017-06-20 00:00:00 UTC",405,1334,14
"2017-06-19 00:00:00 UTC",405,1338,14
"2017-06-18 00:00:00 UTC",404,1334,13
"2017-06-17 00:00:00 UTC",403,1340,13
"2017-06-16 00:00:00 UTC",403,1360,14
"2017-06-15 00:00:00 UTC",403,1361,14
"2017-06-14 00:00:00 UTC",403,1364,14
"2017-06-13 00:00:00 UTC",401,1225,13
"2017-06-12 00:00:00 UTC",401,1161,13
"2017-06-11 00:00:00 UTC",400,1159,12
"2017-06-10 00:00:00 UTC",400,1158,12
"2017-06-09 00:00:00 UTC",401,1166,13
"2017-06-08 00:00:00 UTC",400,1158,12
"2017-06-07 00:00:00 UTC",400,1159,12
"2017-06-06 00:00:00 UTC",400,1170,12
"2017-06-05 00:00:00 UTC",410,1189,12
"2017-06-04 00:00:00 UTC",418,1210,13
"2017-06-03 00:00:00 UTC",421,1224,13
"2017-06-02 00:00:00 UTC",426,1233,15
"2017-06-01 00:00:00 UTC",427,1242,16
"2017-05-31 00:00:00 UTC",427,1253,16
"2017-05-30 00:00:00 UTC",427,1263,16
"2017-05-29 00:00:00 UTC",427,1274,16
"2017-05-28 00:00:00 UTC",427,1303,16
"2017-05-27 00:00:00 UTC",425,1323,16
"2017-05-26 00:00:00 UTC",425,1320,16
"2017-05-25 00:00:00 UTC",424,1324,15
"2017-05-24 00:00:00 UTC",421,1323,15
"2017-05-23 00:00:00 UTC",427,1335,16
"2017-05-22 00:00:00 UTC",419,1339,16
"2017-05-21 00:00:00 UTC",419,1341,16
"2017-05-20 00:00:00 UTC",419,1345,16
"2017-05-19 00:00:00 UTC",419,1347,16
"2017-05-18 00:00:00 UTC",415,1312,15
"2017-05-17 00:00:00 UTC",413,1287,15
"2017-05-16 00:00:00 UTC",412,1278,15
"2017-05-15 00:00:00 UTC",412,1282,15
"2017-05-14 00:00:00 UTC",411,1273,15
"2017-05-13 00:00:00 UTC",410,1288,15
"2017-05-12 00:00:00 UTC",408,1283,14
"2017-05-11 00:00:00 UTC",407,1278,13
"2017-05-10 00:00:00 UTC",407,1291,14
"2017-05-09 00:00:00 UTC",406,1261,14
"2017-05-08 00:00:00 UTC",405,1276,14
"2017-05-07 00:00:00 UTC",404,1284,14
"2017-05-06 00:00:00 UTC",402,1323,14
"2017-05-05 00:00:00 UTC",401,1292,14
"2017-05-04 00:00:00 UTC",400,1287,13
"2017-05-03 00:00:00 UTC",400,1288,13
"2017-05-02 00:00:00 UTC",402,1302,14
"2017-05-01 00:00:00 UTC",402,1329,14
"2017-04-30 00:00:00 UTC",401,1365,14
"2017-04-29 00:00:00 UTC",400,1307,13
"2017-04-28 00:00:00 UTC",400,1313,13
"2017-04-27 00:00:00 UTC",401,1330,14
"2017-04-26 00:00:00 UTC",401,1343,14
"2017-04-25 00:00:00 UTC",401,1353,14
"2017-04-24 00:00:00 UTC",401,1366,14
"2017-04-23 00:00:00 UTC",401,1388,14
"2017-04-22 00:00:00 UTC",401,1379,14
"2017-04-21 00:00:00 UTC",401,1386,14
"2017-04-20 00:00:00 UTC",400,1319,13
"2017-04-19 00:00:00 UTC",400,1318,13
"2017-04-18 00:00:00 UTC",399,1225,14
"2017-04-17 00:00:00 UTC",398,1223,15
"2017-04-16 00:00:00 UTC",356,1166,14
"2017-04-15 00:00:00 UTC",336,1115,14
"2017-04-14 00:00:00 UTC",335,1116,14
"2017-04-13 00:00:00 UTC",333,1081,13
"2017-04-12 00:00:00 UTC",332,1059,13
"2017-04-11 00:00:00 UTC",332,1071,13
"2017-04-10 00:00:00 UTC",332,1087,14
"2017-04-09 00:00:00 UTC",330,1128,14
"2017-04-08 00:00:00 UTC",328,1226,14
"2017-04-07 00:00:00 UTC",328,1234,15
"2017-04-06 00:00:00 UTC",328,1234,15
"2017-04-05 00:00:00 UTC",328,1235,15
"2017-04-04 00:00:00 UTC",328,1234,15
"2017-04-03 00:00:00 UTC",327,1238,15
"2017-04-02 00:00:00 UTC",326,1251,15
"2017-04-01 00:00:00 UTC",324,1266,15
"2017-03-31 00:00:00 UTC",323,1274,16
"2017-03-30 00:00:00 UTC",322,1259,15
"2017-03-29 00:00:00 UTC",321,1260,15
"2017-03-28 00:00:00 UTC",320,1327,16
"2017-03-27 00:00:00 UTC",318,1310,15
"2017-03-26 00:00:00 UTC",316,1308,16
"2017-03-25 00:00:00 UTC",315,1350,16
"2017-03-24 00:00:00 UTC",311,1244,16
"2017-03-23 00:00:00 UTC",309,1204,15
"2017-03-19 00:00:00 UTC",306,1273,16
"2017-03-18 00:00:00 UTC",305,1282,16
"2017-03-17 00:00:00 UTC",304,1283,16
"2017-03-16 00:00:00 UTC",302,1282,16
"2017-03-15 00:00:00 UTC",300,1253,16
"2017-03-14 00:00:00 UTC",299,1223,16
"2017-03-13 00:00:00 UTC",298,1226,16
"2017-03-12 00:00:00 UTC",296,1231,17
"2017-03-11 00:00:00 UTC",293,1312,16
"2017-03-10 00:00:00 UTC",290,1175,15
"2017-03-09 00:00:00 UTC",288,1169,15
"2017-03-08 00:00:00 UTC",287,1164,16
"2017-03-07 00:00:00 UTC",284,1168,15
"2017-03-06 00:00:00 UTC",283,1168,15
"2017-03-05 00:00:00 UTC",283,1170,16
"2017-03-04 00:00:00 UTC",281,1172,16
"2017-03-03 00:00:00 UTC",279,1216,17
"2017-03-02 00:00:00 UTC",275,1416,16
"2017-03-01 00:00:00 UTC",272,1402,16
"2017-02-28 00:00:00 UTC",271,1392,16
"2017-02-27 00:00:00 UTC",269,1391,15
"2017-02-26 00:00:00 UTC",268,1398,15
"2017-02-25 00:00:00 UTC",268,1393,15
"2017-02-24 00:00:00 UTC",266,1350,15
"2017-02-23 00:00:00 UTC",265,1344,15
"2017-02-22 00:00:00 UTC",263,1340,14
"2017-02-21 00:00:00 UTC",263,1344,14
"2017-02-20 00:00:00 UTC",261,1293,14
"2017-02-19 00:00:00 UTC",263,1369,14
"2017-02-18 00:00:00 UTC",261,1315,14
"2017-02-17 00:00:00 UTC",261,1290,15
"2017-02-16 00:00:00 UTC",259,1281,15
"2017-02-15 00:00:00 UTC",257,1276,14
"2017-02-14 00:00:00 UTC",256,1282,15
"2017-02-13 00:00:00 UTC",256,1281,15
"2017-02-12 00:00:00 UTC",254,1295,15
"2017-02-11 00:00:00 UTC",253,1342,16
"2017-02-10 00:00:00 UTC",252,1396,18

listing_datetime,unit_price,quantity,listings
"2017-02-09 00:00:00 UTC",249,1396,19
"2017-02-08 00:00:00 UTC",245,1393,19
"2017-02-07 00:00:00 UTC",239,1401,19
"2017-02-06 00:00:00 UTC",229,1521,18
"2017-02-05 00:00:00 UTC",225,1531,17
"2017-02-04 00:00:00 UTC",224,1530,17
"2017-02-03 00:00:00 UTC",222,1529,18
"2017-02-02 00:00:00 UTC",220,1498,17
"2017-02-01 00:00:00 UTC",211,1389,17
"2017-01-31 00:00:00 UTC",202,1262,16
"2017-01-30 00:00:00 UTC",202,1271,16
"2017-01-29 00:00:00 UTC",209,1279,18
"2017-01-28 00:00:00 UTC",195,1264,17
"2017-01-27 00:00:00 UTC",191,1249,17
"2017-01-26 00:00:00 UTC",189,1227,16
"2017-01-25 00:00:00 UTC",188,1212,15
"2017-01-24 00:00:00 UTC",185,1143,15
"2017-01-23 00:00:00 UTC",182,896,12
"2017-01-22 00:00:00 UTC",181,827,12
"2017-01-21 00:00:00 UTC",181,836,13
"2017-01-20 00:00:00 UTC",179,840,13
"2017-01-19 00:00:00 UTC",178,844,13
"2017-01-18 00:00:00 UTC",177,848,14
"2017-01-17 00:00:00 UTC",175,835,13
"2017-01-16 00:00:00 UTC",174,822,12
"2017-01-15 00:00:00 UTC",173,841,13
"2017-01-14 00:00:00 UTC",171,827,12
"2017-01-13 00:00:00 UTC",169,820,12
"2017-01-12 00:00:00 UTC",167,824,13
"2017-01-11 00:00:00 UTC",166,826,13
"2017-01-10 00:00:00 UTC",164,821,12
"2017-01-09 00:00:00 UTC",162,819,12
"2017-01-08 00:00:00 UTC",160,816,12
"2017-01-07 00:00:00 UTC",158,815,13
"2017-01-06 00:00:00 UTC",154,796,11
"2017-01-05 00:00:00 UTC",152,794,10
"2017-01-04 00:00:00 UTC",151,792,10
"2017-01-03 00:00:00 UTC",151,791,10
"2017-01-02 00:00:00 UTC",151,788,10
"2017-01-01 00:00:00 UTC",151,791,10
"2016-12-31 00:00:00 UTC",151,780,10
"2016-12-30 00:00:00 UTC",280,751,9
"2016-12-29 00:00:00 UTC",346,817,10
"2016-12-28 00:00:00 UTC",345,729,9
"2016-12-27 00:00:00 UTC",347,745,10
"2016-12-26 00:00:00 UTC",347,750,10
"2016-12-25 00:00:00 UTC",346,752,10
"2016-12-24 00:00:00 UTC",345,753,9
"2016-12-23 00:00:00 UTC",345,740,9
"2016-12-22 00:00:00 UTC",345,715,8
"2016-12-21 00:00:00 UTC",345,657,8
"2016-12-20 00:00:00 UTC",346,670,9
"2016-12-19 00:00:00 UTC",346,681,9
"2016-12-18 00:00:00 UTC",347,685,9
"2016-12-17 00:00:00 UTC",348,683,9
"2016-12-16 00:00:00 UTC",348,685,9
"2016-12-15 00:00:00 UTC",349,699,10
"2016-12-14 00:00:00 UTC",349,763,11
"2016-12-13 00:00:00 UTC",348,747,10
"2016-12-12 00:00:00 UTC",356,748,10
"2016-12-11 00:00:00 UTC",357,767,11
"2016-12-10 00:00:00 UTC",356,764,11
"2016-12-09 00:00:00 UTC",355,767,11
"2016-12-08 00:00:00 UTC",354,770,11
"2016-12-07 00:00:00 UTC",350,772,11
"2016-12-06 00:00:00 UTC",349,763,11
"2016-12-05 00:00:00 UTC",348,744,10
"2016-12-04 00:00:00 UTC",346,686,9
"2016-12-03 00:00:00 UTC",350,695,9
"2016-12-02 00:00:00 UTC",359,717,10
"2016-12-01 00:00:00 UTC",358,717,11
"2016-11-30 00:00:00 UTC",354,709,10
"2016-11-29 00:00:00 UTC",352,719,10
"2016-11-28 00:00:00 UTC",347,695,9
"2016-11-27 00:00:00 UTC",348,701,10
"2016-11-26 00:00:00 UTC",346,670,9
"2016-11-25 00:00:00 UTC",345,673,8
"2016-11-24 00:00:00 UTC",477,679,9
"2016-11-23 00:00:00 UTC",607,694,9
"2016-11-22 00:00:00 UTC",607,696,9
"2016-11-21 00:00:00 UTC",607,717,9
"2016-11-20 00:00:00 UTC",607,729,9
"2016-11-19 00:00:00 UTC",608,749,10
"2016-11-18 00:00:00 UTC",607,744,9
"2016-11-17 00:00:00 UTC",606,735,9
"2016-11-16 00:00:00 UTC",606,766,10
"2016-11-15 00:00:00 UTC",605,783,10
"2016-11-14 00:00:00 UTC",604,810,11
"2016-11-13 00:00:00 UTC",601,779,10
"2016-11-12 00:00:00 UTC",601,757,10
"2016-11-11 00:00:00 UTC",601,759,10
"2016-11-10 00:00:00 UTC",599,760,10
"2016-11-09 00:00:00 UTC",597,745,10
"2016-11-08 00:00:00 UTC",597,743,10
"2016-11-07 00:00:00 UTC",596,760,10
"2016-11-06 00:00:00 UTC",595,815,11
"2016-11-05 00:00:00 UTC",593,857,12
"2016-11-04 00:00:00 UTC",589,796,11
"2016-11-03 00:00:00 UTC",588,762,11
"2016-11-02 00:00:00 UTC",586,771,11
"2016-11-01 00:00:00 UTC",586,768,11
"2016-10-31 00:00:00 UTC",584,793,11
"2016-10-29 00:00:00 UTC",583,791,11
"2016-10-28 00:00:00 UTC",582,773,10
"2016-10-27 00:00:00 UTC",578,756,10
"2016-10-26 00:00:00 UTC",578,770,11
"2016-10-25 00:00:00 UTC",576,774,11
"2016-10-24 00:00:00 UTC",573,757,10
"2016-10-23 00:00:00 UTC",570,724,9
"2016-10-22 00:00:00 UTC",568,723,10
"2016-10-21 00:00:00 UTC",567,724,10
"2016-10-20 00:00:00 UTC",564,717,10
"2016-10-19 00:00:00 UTC",564,724,10
"2016-10-18 00:00:00 UTC",562,723,10
"2016-10-17 00:00:00 UTC",561,719,10
"2016-10-16 00:00:00 UTC",559,722,10
"2016-10-15 00:00:00 UTC",556,730,10
"2016-10-14 00:00:00 UTC",554,785,10
"2016-10-13 00:00:00 UTC",554,827,11
"2016-10-12 00:00:00 UTC",552,834,12
"2016-10-11 00:00:00 UTC",550,828,11
"2016-10-10 00:00:00 UTC",548,811,10
"2016-10-09 00:00:00 UTC",553,857,11
"2016-10-08 00:00:00 UTC",558,858,12
"2016-10-07 00:00:00 UTC",555,861,12
"2016-10-06 00:00:00 UTC",553,859,12
"2016-10-05 00:00:00 UTC",551,856,12
"2016-10-04 00:00:00 UTC",549,853,11
"2016-10-03 00:00:00 UTC",548,857,12
"2016-10-02 00:00:00 UTC",544,825,11
"2016-10-01 00:00:00 UTC",540,844,11
"2016-09-30 00:00:00 UTC",537,864,12
"2016-09-29 00:00:00 UTC",536,855,12
"2016-09-28 00:00:00 UTC",535,975,14
"2016-09-27 00:00:00 UTC",533,967,14
"2016-09-26 00:00:00 UTC",531,973,15
"2016-09-25 00:00:00 UTC",530,974,15
"2016-09-24 00:00:00 UTC",529,968,14
"2016-09-23 00:00:00 UTC",526,880,12
"2016-09-22 00:00:00 UTC",525,800,10
"2016-09-21 00:00:00 UTC",526,837,11
"2016-09-20 00:00:00 UTC",526,829,12
"2016-09-19 00:00:00 UTC",526,832,12
"2016-09-18 00:00:00 UTC",524,757,10
"2016-09-17 00:00:00 UTC",523,712,10
"2016-09-16 00:00:00 UTC",523,728,10
"2016-09-15 00:00:00 UTC",522,757,11
"2016-09-14 00:00:00 UTC",521,725,10
"2016-09-13 00:00:00 UTC",519,745,10
"2016-09-12 00:00:00 UTC",519,793,11
"2016-09-11 00:00:00 UTC",519,788,11
"2016-09-10 00:00:00 UTC",519,796,11
"2016-09-09 00:00:00 UTC",519,794,11
"2016-09-08 00:00:00 UTC",518,789,10
"2016-09-07 00:00:00 UTC",519,796,11
"2016-09-06 00:00:00 UTC",518,795,10
"2016-09-05 00:00:00 UTC",518,804,10
"2016-09-04 00:00:00 UTC",518,826,10
"2016-09-03 00:00:00 UTC",519,844,11
"2016-09-02 00:00:00 UTC",519,840,11
"2016-09-01 00:00:00 UTC",517,813,10
"2016-08-31 00:00:00 UTC",517,782,10
"2016-08-30 00:00:00 UTC",517,780,10
"2016-08-29 00:00:00 UTC",516,768,9
"2016-08-28 00:00:00 UTC",517,781,10
"2016-08-27 00:00:00 UTC",516,785,9
"2016-08-26 00:00:00 UTC",517,793,10
"2016-08-25 00:00:00 UTC",517,788,10
"2016-08-24 00:00:00 UTC",517,800,10
"2016-08-23 00:00:00 UTC",519,757,9
"2016-08-22 00:00:00 UTC",525,708,9
"2016-08-21 00:00:00 UTC",525,725,9
"2016-08-20 00:00:00 UTC",525,752,9
"2016-08-19 00:00:00 UTC",525,772,10
"2016-08-18 00:00:00 UTC",525,797,10
"2016-08-17 00:00:00 UTC",526,832,11
"2016-08-16 00:00:00 UTC",525,804,10
"2016-08-15 00:00:00 UTC",523,701,9
"2016-08-14 00:00:00 UTC",523,711,9
"2016-08-13 00:00:00 UTC",523,734,10
"2016-08-12 00:00:00 UTC",523,743,10
"2016-08-11 00:00:00 UTC",523,756,10
"2016-08-10 00:00:00 UTC",523,772,10
"2016-08-09 00:00:00 UTC",522,782,10
"2016-08-08 00:00:00 UTC",522,797,10
"2016-08-07 00:00:00 UTC",522,828,10
"2016-08-06 00:00:00 UTC",520,802,11
"2016-08-05 00:00:00 UTC",520,807,11
"2016-08-04 00:00:00 UTC",520,806,11
"2016-08-03 00:00:00 UTC",521,817,11
"2016-08-02 00:00:00 UTC",519,778,10
"2016-08-01 00:00:00 UTC",519,792,10
"2016-07-31 00:00:00 UTC",518,728,9
"2016-07-30 00:00:00 UTC",518,789,11
"2016-07-29 00:00:00 UTC",518,802,11
"2016-07-28 00:00:00 UTC",525,723,9
"2016-07-27 00:00:00 UTC",546,690,10
"2016-07-26 00:00:00 UTC",546,700,10
"2016-07-25 00:00:00 UTC",546,712,10
"2016-07-24 00:00:00 UTC",546,722,10
"2016-07-23 00:00:00 UTC",546,738,10
"2016-07-22 00:00:00 UTC",546,753,10
"2016-07-21 00:00:00 UTC",546,762,10
"2016-07-20 00:00:00 UTC",547,838,11
"2016-07-19 00:00:00 UTC",547,880,12
"2016-07-18 00:00:00 UTC",547,899,12
"2016-07-17 00:00:00 UTC",546,896,12
"2016-07-16 00:00:00 UTC",546,906,12
"2016-07-15 00:00:00 UTC",546,920,12
"2016-07-14 00:00:00 UTC",545,848,11
"2016-07-13 00:00:00 UTC",545,768,11
"2016-07-12 00:00:00 UTC",545,758,11
"2016-07-11 00:00:00 UTC",545,779,11
"2016-07-10 00:00:00 UTC",544,720,10
"2016-07-09 00:00:00 UTC",545,707,9
"2016-07-08 00:00:00 UTC",550,706,10
"2016-07-07 00:00:00 UTC",551,722,11
"2016-07-06 00:00:00 UTC",551,744,11
"2016-07-05 00:00:00 UTC",551,758,11
"2016-07-04 00:00:00 UTC",551,777,11
"2016-07-03 00:00:00 UTC",552,791,12
"2016-07-02 00:00:00 UTC",552,803,12
"2016-07-01 00:00:00 UTC",552,821,12
"2016-06-30 00:00:00 UTC",551,796,11
"2016-06-29 00:00:00 UTC",551,799,11
"2016-06-28 00:00:00 UTC",552,812,11
"2016-06-27 00:00:00 UTC",552,818,11
"2016-06-26 00:00:00 UTC",551,817,11
"2016-06-25 00:00:00 UTC",550,786,10
"2016-06-24 00:00:00 UTC",550,717,10
"2016-06-23 00:00:00 UTC",550,732,10
"2016-06-22 00:00:00 UTC",551,762,11
"2016-06-21 00:00:00 UTC",550,749,10
"2016-06-20 00:00:00 UTC",550,768,10
"2016-06-19 00:00:00 UTC",551,787,11
"2016-06-18 00:00:00 UTC",551,801,11
"2016-06-17 00:00:00 UTC",551,812,11
"2016-06-16 00:00:00 UTC",551,831,11
"2016-06-15 00:00:00 UTC",551,854,11
"2016-06-14 00:00:00 UTC",551,871,11
"2016-06-13 00:00:00 UTC",551,884,11
"2016-06-12 00:00:00 UTC",551,907,11
"2016-06-11 00:00:00 UTC",552,926,12
"2016-06-10 00:00:00 UTC",552,931,12
"2016-06-09 00:00:00 UTC",552,938,12
"2016-06-08 00:00:00 UTC",552,954,12
"2016-06-07 00:00:00 UTC",552,968,12
"2016-06-06 00:00:00 UTC",552,996,12
"2016-06-05 00:00:00 UTC",552,977,12
"2016-06-04 00:00:00 UTC",562,864,11
"2016-06-03 00:00:00 UTC",569,860,12
"2016-06-02 00:00:00 UTC",568,859,11
"2016-06-01 00:00:00 UTC",570,861,12
"2016-05-31 00:00:00 UTC",572,876,13
"2016-05-30 00:00:00 UTC",572,880,13
"2016-05-29 00:00:00 UTC",570,875,12
"2016-05-28 00:00:00 UTC",572,893,11
"2016-05-27 00:00:00 UTC",576,928,13
"2016-05-26 00:00:00 UTC",576,934,13
"2016-05-25 00:00:00 UTC",574,947,13
"2016-05-24 00:00:00 UTC",574,875,13
"2016-05-23 00:00:00 UTC",572,941,14
"2016-05-22 00:00:00 UTC",570,956,13
"2016-05-21 00:00:00 UTC",571,964,14
"2016-05-20 00:00:00 UTC",570,969,14
"2016-05-19 00:00:00 UTC",568,902,12
"2016-05-18 00:00:00 UTC",569,913,13
"2016-05-17 00:00:00 UTC",567,891,12
"2016-05-16 00:00:00 UTC",566,849,12
"2016-05-15 00:00:00 UTC",566,835,13
"2016-05-14 00:00:00 UTC",561,827,11
"2016-05-13 00:00:00 UTC",561,830,11
"2016-05-12 00:00:00 UTC",561,863,11
"2016-05-11 00:00:00 UTC",561,924,12
"2016-05-10 00:00:00 UTC",563,937,13
"2016-05-09 00:00:00 UTC",562,943,13
"2016-05-08 00:00:00 UTC",560,951,13
"2016-05-07 00:00:00 UTC",559,896,14
"2016-05-06 00:00:00 UTC",557,884,13
"2016-05-05 00:00:00 UTC",557,891,14
"2016-05-04 00:00:00 UTC",557,872,14
"2016-05-03 00:00:00 UTC",556,817,13
"2016-05-02 00:00:00 UTC",553,816,13
"2016-05-01 00:00:00 UTC",552,833,13
"2016-04-30 00:00:00 UTC",551,810,12
"2016-04-29 00:00:00 UTC",549,818,13
"2016-04-28 00:00:00 UTC",547,818,12
"2016-04-27 00:00:00 UTC",546,824,13
"2016-04-26 00:00:00 UTC",546,826,13
"2016-04-25 00:00:00 UTC",544,807,11
"2016-04-24 00:00:00 UTC",543,797,10
"2016-04-23 00:00:00 UTC",543,808,10
"2016-04-22 00:00:00 UTC",547,843,10
"2016-04-21 00:00:00 UTC",550,868,11
"2016-04-20 00:00:00 UTC",550,905,12
"2016-04-19 00:00:00 UTC",551,936,13
"2016-04-18 00:00:00 UTC",551,962,13
"2016-04-17 00:00:00 UTC",551,983,13
"2016-04-16 00:00:00 UTC",549,955,13
"2016-04-15 00:00:00 UTC",548,955,13
"2016-04-14 00:00:00 UTC",547,957,12
"2016-04-13 00:00:00 UTC",547,998,13
"2016-04-12 00:00:00 UTC",547,1016,14
"2016-04-11 00:00:00 UTC",544,990,13
"2016-04-10 00:00:00 UTC",540,992,13
"2016-04-09 00:00:00 UTC",540,1017,14
"2016-04-08 00:00:00 UTC",539,1019,13
"2016-04-07 00:00:00 UTC",539,1029,13
"2016-04-06 00:00:00 UTC",537,962,12
"2016-04-05 00:00:00 UTC",537,976,12
"2016-04-04 00:00:00 UTC",536,930,11
"2016-04-03 00:00:00 UTC",539,884,11
"2016-04-02 00:00:00 UTC",539,971,12
"2016-04-01 00:00:00 UTC",540,1019,13
"2016-03-31 00:00:00 UTC",538,974,12
"2016-03-30 00:00:00 UTC",537,962,12
"2016-03-29 00:00:00 UTC",537,988,12
"2016-03-28 00:00:00 UTC",541,932,11
"2016-03-27 00:00:00 UTC",541,1014,14
"2016-03-26 00:00:00 UTC",539,1049,16
"2016-03-25 00:00:00 UTC",535,1017,14
"2016-03-24 00:00:00 UTC",533,1005,13
"2016-03-23 00:00:00 UTC",531,1033,14
"2016-03-22 00:00:00 UTC",529,1029,14
"2016-03-21 00:00:00 UTC",526,869,11
"2016-03-20 00:00:00 UTC",523,796,10
"2016-03-19 00:00:00 UTC",523,811,11
"2016-03-18 00:00:00 UTC",520,818,11
"2016-03-17 00:00:00 UTC",518,810,10
"2016-03-16 00:00:00 UTC",571,695,9
"2016-03-15 00:00:00 UTC",599,708,9
"2016-03-14 00:00:00 UTC",600,787,10
"2016-03-13 00:00:00 UTC",600,845,11
"2016-03-12 00:00:00 UTC",599,793,10
"2016-03-11 00:00:00 UTC",599,817,10
"2016-03-10 00:00:00 UTC",599,845,10
"2016-03-09 00:00:00 UTC",600,878,11
"2016-03-08 00:00:00 UTC",600,902,11
"2016-03-07 00:00:00 UTC",600,922,11
"2016-03-06 00:00:00 UTC",598,884,10
"2016-03-05 00:00:00 UTC",596,895,11
"2016-03-04 00:00:00 UTC",594,893,11
"2016-03-03 00:00:00 UTC",594,891,11
"2016-03-02 00:00:00 UTC",592,868,11
"2016-03-01 00:00:00 UTC",589,907,12
"2016-02-29 00:00:00 UTC",586,1032,19
"2016-02-28 00:00:00 UTC",584,1051,22
"2016-02-27 00:00:00 UTC",581,1073,22
"2016-02-26 00:00:00 UTC",575,1069,22
"2016-02-25 00:00:00 UTC",573,1066,22
"2016-02-24 00:00:00 UTC",570,1078,22
"2016-02-23 00:00:00 UTC",564,1055,20
"2016-02-22 00:00:00 UTC",557,1416,21
"2016-02-21 00:00:00 UTC",552,1367,19
"2016-02-20 00:00:00 UTC",549,1373,20
"2016-02-19 00:00:00 UTC",543,1367,18
"2016-02-18 00:00:00 UTC",538,1360,17
"2016-02-17 00:00:00 UTC",535,1332,15
"2016-02-16 00:00:00 UTC",533,1363,16
"2016-02-15 00:00:00 UTC",529,1366,16
"2016-02-14 00:00:00 UTC",523,1373,17
"2016-02-13 00:00:00 UTC",521,1350,17
"2016-02-12 00:00:00 UTC",518,1293,16
"2016-02-11 00:00:00 UTC",515,1273,14
"2016-02-10 00:00:00 UTC",512,1247,14
"2016-02-09 00:00:00 UTC",508,1259,14
"2016-02-08 00:00:00 UTC",503,1071,12
"2016-02-07 00:00:00 UTC",502,1046,11
"2016-02-06 00:00:00 UTC",500,1076,12
"2016-02-05 00:00:00 UTC",499,1070,13
"2016-02-04 00:00:00 UTC",497,1055,12
"2016-02-03 00:00:00 UTC",496,1038,12
"2016-02-02 00:00:00 UTC",495,1044,12
"2016-02-01 00:00:00 UTC",493,1014,11
"2016-01-31 00:00:00 UTC",490,842,10
"2016-01-30 00:00:00 UTC",487,1028,11
"2016-01-29 00:00:00 UTC",487,1095,12
"2016-01-28 00:00:00 UTC",487,1105,12
"2016-01-27 00:00:00 UTC",488,1110,12
"2016-01-26 00:00:00 UTC",487,1137,14
"2016-01-25 00:00:00 UTC",484,1119,12
"2016-01-24 00:00:00 UTC",482,1137,12
"2016-01-23 00:00:00 UTC",484,1192,14
"2016-01-22 00:00:00 UTC",481,1198,15
"2016-01-21 00:00:00 UTC",476,1104,13
"2016-01-20 00:00:00 UTC",472,1096,12
"2016-01-19 00:00:00 UTC",468,1136,12
"2016-01-18 00:00:00 UTC",463,1135,12
"2016-01-17 00:00:00 UTC",459,1138,12
"2016-01-16 00:00:00 UTC",455,1153,12
"2016-01-15 00:00:00 UTC",451,1421,13
"2016-01-14 00:00:00 UTC",447,1500,11
"2016-01-13 00:00:00 UTC",507,692,8
"2016-01-12 00:00:00 UTC",696,713,9
"2016-01-11 00:00:00 UTC",734,792,12
"2016-01-10 00:00:00 UTC",735,860,13
"2016-01-09 00:00:00 UTC",734,862,13
"2016-01-08 00:00:00 UTC",733,840,12
"2016-01-07 00:00:00 UTC",732,806,12
"2016-01-06 00:00:00 UTC",731,795,12
"2016-01-05 00:00:00 UTC",732,793,13
"2016-01-04 00:00:00 UTC",732,843,13
"2016-01-03 00:00:00 UTC",730,840,13
"2016-01-02 00:00:00 UTC",729,913,14
"2016-01-01 00:00:00 UTC",728,994,14
"2015-12-31 00:00:00 UTC",725,1127,17
"2015-12-30 00:00:00 UTC",718,1206,19
"2015-12-29 00:00:00 UTC",708,1039,16
"2015-12-28 00:00:00 UTC",705,975,15
"2015-12-27 00:00:00 UTC",702,997,17
"2015-12-26 00:00:00 UTC",700,1041,18
"2015-12-25 00:00:00 UTC",695,1005,18
"2015-12-24 00:00:00 UTC",691,963,17
"2015-12-23 00:00:00 UTC",687,950,17
"2015-12-22 00:00:00 UTC",681,869,15
"2015-12-21 00:00:00 UTC",676,858,15
"2015-12-20 00:00:00 UTC",671,845,15
"2015-12-19 00:00:00 UTC",667,869,15
"2015-12-18 00:00:00 UTC",664,894,16
"2015-12-17 00:00:00 UTC",659,861,15
"2015-12-15 00:00:00 UTC",653,1030,20
"2015-12-14 00:00:00 UTC",649,1154,23
"2015-12-13 00:00:00 UTC",641,1075,23
"2015-12-12 00:00:00 UTC",636,1072,22
"2015-12-11 00:00:00 UTC",632,1238,23
"2015-12-10 00:00:00 UTC",627,1250,24
"2015-12-09 00:00:00 UTC",620,1215,25
"2015-12-08 00:00:00 UTC",618,1206,24
"2015-12-07 00:00:00 UTC",613,1248,24
"2015-12-06 00:00:00 UTC",553,1301,25
"2015-12-05 00:00:00 UTC",496,1164,24
"2015-12-04 00:00:00 UTC",486,1158,21
"2015-12-03 00:00:00 UTC",481,1189,22
"2015-12-02 00:00:00 UTC",475,1179,22
"2015-12-01 00:00:00 UTC",465,1088,18
"2015-11-30 00:00:00 UTC",469,1062,18
"2015-11-29 00:00:00 UTC",472,1082,20
"2015-11-28 00:00:00 UTC",498,1127,22
"2015-11-27 00:00:00 UTC",500,1285,26
"2015-11-26 00:00:00 UTC",497,1283,27
"2015-11-25 00:00:00 UTC",492,1362,27
"2015-11-24 00:00:00 UTC",487,1344,27
"2015-11-23 00:00:00 UTC",483,1363,27
"2015-11-22 00:00:00 UTC",475,1367,29
"2015-11-21 00:00:00 UTC",462,1323,28
"2015-11-20 00:00:00 UTC",448,1328,26
"2015-11-19 00:00:00 UTC",438,1318,24
"2015-11-18 00:00:00 UTC",433,1375,26
"2015-11-17 00:00:00 UTC",425,1444,26
"2015-11-16 00:00:00 UTC",408,1385,22
"2015-11-15 00:00:00 UTC",396,1247,17
"2015-11-14 00:00:00 UTC",385,1215,16
"2015-11-13 00:00:00 UTC",375,1225,16
"2015-11-12 00:00:00 UTC",370,1228,14
"2015-11-11 00:00:00 UTC",366,1121,14
"2015-11-10 00:00:00 UTC",365,1087,15
"2015-11-09 00:00:00 UTC",356,1077,16
"2015-11-08 00:00:00 UTC",352,1116,16
"2015-11-07 00:00:00 UTC",349,1339,16
"2015-11-06 00:00:00 UTC",345,1422,15
"2015-11-05 00:00:00 UTC",340,1283,14
"2015-11-04 00:00:00 UTC",335,1318,15
"2015-11-03 00:00:00 UTC",302,1356,16
"2015-11-02 00:00:00 UTC",206,1230,15
"2015-11-01 00:00:00 UTC",256,1236,16
"2015-10-31 00:00:00 UTC",148,1155,13
"2015-10-30 00:00:00 UTC",144,1110,12
"2015-10-29 00:00:00 UTC",140,994,9
"2015-10-28 00:00:00 UTC",216,1008,11
"2015-10-27 00:00:00 UTC",257,1222,14
"2015-10-26 00:00:00 UTC",253,1138,12
"2015-10-24 00:00:00 UTC",251,1250,13
"2015-10-23 00:00:00 UTC",250,1439,13
"2015-10-22 00:00:00 UTC",250,1527,14
"2015-10-21 00:00:00 UTC",252,1589,16
"2015-10-20 00:00:00 UTC",251,1647,17
"2015-10-19 00:00:00 UTC",145,1454,15
"2015-10-18 00:00:00 UTC",142,1406,14
"2015-10-17 00:00:00 UTC",141,1418,14
"2015-10-16 00:00:00 UTC",140,1440,14
"2015-10-15 00:00:00 UTC",139,1427,13
"2015-10-14 00:00:00 UTC",136,1352,12
"2015-10-13 00:00:00 UTC",134,1551,13
"2015-10-12 00:00:00 UTC",133,1584,13
"2015-10-11 00:00:00 UTC",131,1574,12
"2015-10-10 00:00:00 UTC",131,1576,12
"2015-10-09 00:00:00 UTC",161,1574,12
"2015-10-08 00:00:00 UTC",177,1703,14
"2015-10-07 00:00:00 UTC",175,1691,13
"2015-10-06 00:00:00 UTC",127,1533,12
"2015-10-05 00:00:00 UTC",126,1530,12
"2015-10-04 00:00:00 UTC",125,1660,14
"2015-10-03 00:00:00 UTC",123,1684,14
"2015-10-02 00:00:00 UTC",120,1450,12
"2015-10-01 00:00:00 UTC",146,1517,12
"2015-09-30 00:00:00 UTC",117,1324,10
"2015-09-29 00:00:00 UTC",115,934,10
"2015-09-28 00:00:00 UTC",114,936,10
"2015-09-27 00:00:00 UTC",110,848,8
"2015-09-26 00:00:00 UTC",112,963,10
"2015-09-25 00:00:00 UTC",139,970,11
"2015-09-24 00:00:00 UTC",151,995,12
"2015-09-23 00:00:00 UTC",143,1139,12
"2015-09-22 00:00:00 UTC",111,988,11
"2015-09-21 00:00:00 UTC",115,1049,12
"2015-09-20 00:00:00 UTC",116,1175,14
"2015-09-19 00:00:00 UTC",112,1042,11
"2015-09-18 00:00:00 UTC",111,1014,11
"2015-09-17 00:00:00 UTC",109,882,9
"2015-09-16 00:00:00 UTC",109,1059,12
"2015-09-15 00:00:00 UTC",120,1028,13
"2015-09-14 00:00:00 UTC",110,1026,12
"2015-09-13 00:00:00 UTC",104,1031,12
"2015-09-12 00:00:00 UTC",103,994,11
"2015-09-11 00:00:00 UTC",102,984,11
"2015-09-10 00:00:00 UTC",93,941,11
"2015-09-09 00:00:00 UTC",84,819,9
"2015-09-08 00:00:00 UTC",84,848,9
"2015-09-07 00:00:00 UTC",85,918,9
"2015-09-06 00:00:00 UTC",86,1080,11
"2015-09-05 00:00:00 UTC",85,1100,11
"2015-09-04 00:00:00 UTC",82,1153,10
"2015-09-03 00:00:00 UTC",82,1186,10
"2015-09-02 00:00:00 UTC",81,933,9
"2015-09-01 00:00:00 UTC",81,928,9
"2015-08-31 00:00:00 UTC",82,967,10
"2015-08-30 00:00:00 UTC",81,967,9
"2015-08-29 00:00:00 UTC",81,982,9
"2015-08-28 00:00:00 UTC",81,1012,9
"2015-08-27 00:00:00 UTC",85,931,9
"2015-08-26 00:00:00 UTC",85,956,9
"2015-08-25 00:00:00 UTC",85,980,9
"2015-08-24 00:00:00 UTC",86,1053,9
"2015-08-23 00:00:00 UTC",86,1069,10
"2015-08-22 00:00:00 UTC",86,1065,10
"2015-08-21 00:00:00 UTC",88,1099,11
"2015-08-20 00:00:00 UTC",88,1113,10
"2015-08-19 00:00:00 UTC",88,1151,10
"2015-08-18 00:00:00 UTC",87,1097,10
"2015-08-17 00:00:00 UTC",87,1120,10
"2015-08-16 00:00:00 UTC",87,1144,10
"2015-08-15 00:00:00 UTC",86,1078,9
"2015-08-14 00:00:00 UTC",86,1048,9
"2015-08-13 00:00:00 UTC",85,1050,9
"2015-08-12 00:00:00 UTC",84,1050,9
"2015-08-11 00:00:00 UTC",84,1051,9
"2015-08-10 00:00:00 UTC",83,1032,9
"2015-08-09 00:00:00 UTC",83,1003,10
"2015-08-08 00:00:00 UTC",83,1033,10
"2015-08-07 00:00:00 UTC",83,1039,10
"2015-08-06 00:00:00 UTC",82,1009,10
"2015-08-05 00:00:00 UTC",82,1011,10
"2015-08-04 00:00:00 UTC",81,1190,10
"2015-08-03 00:00:00 UTC",80,993,9
"2015-08-02 00:00:00 UTC",80,1001,9
"2015-08-01 00:00:00 UTC",80,1007,9
"2015-07-31 00:00:00 UTC",79,1022,9
"2015-07-30 00:00:00 UTC",78,1116,8
"2015-07-29 00:00:00 UTC",78,1208,9
"2015-07-28 00:00:00 UTC",77,1144,8
"2015-07-27 00:00:00 UTC",78,1041,9
"2015-07-26 00:00:00 UTC",77,1035,9
"2015-07-25 00:00:00 UTC",78,1040,11
"2015-07-24 00:00:00 UTC",77,1092,11
"2015-07-23 00:00:00 UTC",80,1034,10
"2015-07-22 00:00:00 UTC",74,979,10
"2015-07-21 00:00:00 UTC",73,994,9
"2015-07-20 00:00:00 UTC",73,1002,10
"2015-07-19 00:00:00 UTC",74,1015,11
"2015-07-18 00:00:00 UTC",73,1020,11
"2015-07-17 00:00:00 UTC",72,1013,10
"2015-07-16 00:00:00 UTC",70,997,11
"2015-07-15 00:00:00 UTC",69,958,11
"2015-07-14 00:00:00 UTC",67,839,9
"2015-07-13 00:00:00 UTC",66,833,9
"2015-07-12 00:00:00 UTC",66,861,10
"2015-07-11 00:00:00 UTC",86,897,10
"2015-07-10 00:00:00 UTC",70,822,8
"2015-07-09 00:00:00 UTC",63,804,8
"2015-07-08 00:00:00 UTC",62,833,9
"2015-07-07 00:00:00 UTC",61,834,8
"2015-07-06 00:00:00 UTC",59,724,7
"2015-07-05 00:00:00 UTC",59,736,7
"2015-07-04 00:00:00 UTC",59,752,7
"2015-07-03 00:00:00 UTC",59,728,6
"2015-07-02 00:00:00 UTC",59,700,6
"2015-07-01 00:00:00 UTC",59,711,6
"2015-06-30 00:00:00 UTC",59,740,6
"2015-06-29 00:00:00 UTC",60,693,5
"2015-06-28 00:00:00 UTC",65,622,6
"2015-06-27 00:00:00 UTC",65,655,6
"2015-06-26 00:00:00 UTC",65,674,6
"2015-06-25 00:00:00 UTC",65,709,7
"2015-06-24 00:00:00 UTC",65,711,7
"2015-06-23 00:00:00 UTC",68,763,8
"2015-06-22 00:00:00 UTC",68,783,9
"2015-06-21 00:00:00 UTC",67,792,9
"2015-06-20 00:00:00 UTC",66,780,9
"2015-06-19 00:00:00 UTC",65,739,8
"2015-06-18 00:00:00 UTC",64,682,7
"2015-06-17 00:00:00 UTC",64,662,8
"2015-06-16 00:00:00 UTC",63,718,9
"2015-06-15 00:00:00 UTC",59,630,6
"2015-06-14 00:00:00 UTC",60,656,8
"2015-06-13 00:00:00 UTC",58,584,6
"2015-06-12 00:00:00 UTC",72,527,5
"2015-06-11 00:00:00 UTC",75,576,6
"2015-06-10 00:00:00 UTC",76,647,7
"2015-06-09 00:00:00 UTC",76,660,7
"2015-06-08 00:00:00 UTC",76,628,6
"2015-06-07 00:00:00 UTC",76,599,6
"2015-06-06 00:00:00 UTC",75,595,6
"2015-06-05 00:00:00 UTC",75,557,5
"2015-06-04 00:00:00 UTC",75,578,5
"2015-06-03 00:00:00 UTC",75,590,5
"2015-06-02 00:00:00 UTC",75,616,5
"2015-06-01 00:00:00 UTC",85,885,7
"2015-05-31 00:00:00 UTC",86,918,8
"2015-05-30 00:00:00 UTC",86,943,8
"2015-05-29 00:00:00 UTC",86,973,8
"2015-05-28 00:00:00 UTC",85,902,7
"2015-05-27 00:00:00 UTC",85,847,6
"2015-05-26 00:00:00 UTC",94,861,6
"2015-05-25 00:00:00 UTC",98,906,7
"2015-05-24 00:00:00 UTC",100,927,9
"2015-05-23 00:00:00 UTC",99,938,8
"2015-05-22 00:00:00 UTC",102,946,9
"2015-05-21 00:00:00 UTC",103,980,10
"2015-05-20 00:00:00 UTC",103,1006,10
"2015-05-19 00:00:00 UTC",102,1000,9
"2015-05-18 00:00:00 UTC",104,997,9
"2015-05-17 00:00:00 UTC",107,1035,11
"2015-05-16 00:00:00 UTC",107,1036,11
"2015-05-15 00:00:00 UTC",106,1080,11
"2015-05-14 00:00:00 UTC",106,1107,11
"2015-05-13 00:00:00 UTC",105,1114,12
"2015-05-12 00:00:00 UTC",101,1053,11
"2015-05-11 00:00:00 UTC",99,1021,10
"2015-05-10 00:00:00 UTC",99,1000,10
"2015-05-09 00:00:00 UTC",99,1067,10
"2015-05-08 00:00:00 UTC",99,1282,11
"2015-05-07 00:00:00 UTC",99,1303,12
"2015-05-06 00:00:00 UTC",95,1269,10
"2015-05-05 00:00:00 UTC",91,1261,10
"2015-05-04 00:00:00 UTC",89,1215,9
"2015-05-03 00:00:00 UTC",90,1210,10
"2015-05-02 00:00:00 UTC",90,1264,11
"2015-05-01 00:00:00 UTC",90,1273,11
"2015-04-30 00:00:00 UTC",88,1253,10
"2015-04-29 00:00:00 UTC",87,1254,10
"2015-04-28 00:00:00 UTC",86,1239,10
"2015-04-27 00:00:00 UTC",87,1189,10
"2015-04-26 00:00:00 UTC",86,1199,10
"2015-04-25 00:00:00 UTC",85,1190,9
"2015-04-24 00:00:00 UTC",85,1219,9
"2015-04-23 00:00:00 UTC",85,1259,10
"2015-04-22 00:00:00 UTC",86,1277,10
"2015-04-21 00:00:00 UTC",85,1294,10
"2015-04-20 00:00:00 UTC",84,1269,9
"2015-04-19 00:00:00 UTC",97,1301,10
"2015-04-18 00:00:00 UTC",100,1357,11
"2015-04-17 00:00:00 UTC",100,1369,11
"2015-04-16 00:00:00 UTC",105,1378,12
"2015-04-15 00:00:00 UTC",102,1377,11
"2015-04-14 00:00:00 UTC",103,1403,12
"2015-04-13 00:00:00 UTC",106,1435,13
"2015-04-12 00:00:00 UTC",96,1243,12
"2015-04-11 00:00:00 UTC",89,1268,13
"2015-04-10 00:00:00 UTC",83,1229,13
"2015-04-09 00:00:00 UTC",79,1279,12
"2015-04-08 00:00:00 UTC",78,1341,12
"2015-04-07 00:00:00 UTC",78,1348,12
"2015-04-06 00:00:00 UTC",77,1308,11
"2015-04-05 00:00:00 UTC",76,1227,10
"2015-04-04 00:00:00 UTC",110,1184,11
"2015-04-03 00:00:00 UTC",115,1231,11
"2015-04-02 00:00:00 UTC",115,1339,13
"2015-04-01 00:00:00 UTC",113,1362,13
"2015-03-31 00:00:00 UTC",110,1432,13
"2015-03-30 00:00:00 UTC",109,1452,13
"2015-03-29 00:00:00 UTC",108,1395,14
"2015-03-28 00:00:00 UTC",107,1370,13
"2015-03-27 00:00:00 UTC",109,1395,13
"2015-03-26 00:00:00 UTC",104,1426,15
"2015-03-25 00:00:00 UTC",96,1422,14
"2015-03-24 00:00:00 UTC",92,1500,14
"2015-03-23 00:00:00 UTC",90,1519,15
"2015-03-22 00:00:00 UTC",87,1438,13
"2015-03-21 00:00:00 UTC",85,1400,13
"2015-03-20 00:00:00 UTC",84,1399,13
"2015-03-19 00:00:00 UTC",83,1419,14
"2015-03-18 00:00:00 UTC",78,1330,12
"2015-03-17 00:00:00 UTC",85,1243,12
"2015-03-16 00:00:00 UTC",86,1264,14
"2015-03-15 00:00:00 UTC",86,1279,14
"2015-03-14 00:00:00 UTC",88,1336,16
"2015-03-13 00:00:00 UTC",85,1352,16
"2015-03-12 00:00:00 UTC",80,1303,14
"2015-03-11 00:00:00 UTC",80,1303,13
"2015-03-10 00:00:00 UTC",81,1284,13
"2015-03-09 00:00:00 UTC",79,1287,13
"2015-03-08 00:00:00 UTC",77,1278,12
"2015-03-07 00:00:00 UTC",76,1275,12
"2015-03-06 00:00:00 UTC",76,1265,12
"2015-03-05 00:00:00 UTC",76,1273,11
"2015-03-04 00:00:00 UTC",78,1284,12
"2015-03-03 00:00:00 UTC",79,1290,12
"2015-03-02 00:00:00 UTC",77,1292,12
"2015-03-01 00:00:00 UTC",75,1282,11
"2015-02-28 00:00:00 UTC",78,1290,12
"2015-02-27 00:00:00 UTC",79,1288,12
"2015-02-26 00:00:00 UTC",81,1301,12
"2015-02-25 00:00:00 UTC",81,1322,13
"2015-02-24 00:00:00 UTC",81,1339,13
"2015-02-23 00:00:00 UTC",81,1320,14
"2015-02-22 00:00:00 UTC",81,1339,14
"2015-02-21 00:00:00 UTC",79,1336,13
"2015-02-20 00:00:00 UTC",74,1198,11
"2015-02-19 00:00:00 UTC",75,1066,11
"2015-02-18 00:00:00 UTC",68,886,10
"2015-02-17 00:00:00 UTC",78,786,9
"2015-02-16 00:00:00 UTC",82,804,10
"2015-02-15 00:00:00 UTC",81,824,9
"2015-02-14 00:00:00 UTC",86,845,10
"2015-02-13 00:00:00 UTC",81,824,9
"2015-02-12 00:00:00 UTC",84,804,9
"2015-02-11 00:00:00 UTC",93,847,10
"2015-02-10 00:00:00 UTC",86,836,10
"2015-02-09 00:00:00 UTC",84,843,10
"2015-02-08 00:00:00 UTC",82,823,10
"2015-02-07 00:00:00 UTC",75,831,10
"2015-02-06 00:00:00 UTC",66,793,9
"2015-02-05 00:00:00 UTC",68,768,8
"2015-02-04 00:00:00 UTC",67,776,8
"2015-02-03 00:00:00 UTC",65,772,8
"2015-02-02 00:00:00 UTC",66,786,9
"2015-02-01 00:00:00 UTC",68,792,9
"2015-01-31 00:00:00 UTC",66,780,8
"2015-01-30 00:00:00 UTC",66,794,9
"2015-01-29 00:00:00 UTC",180,907,7
"2015-01-28 00:00:00 UTC",180,826,7
"2015-01-27 00:00:00 UTC",180,862,7
"2015-01-26 00:00:00 UTC",154,899,7
"2015-01-25 00:00:00 UTC",198,843,8
"2015-01-24 00:00:00 UTC",115,955,8
"2015-01-23 00:00:00 UTC",103,943,8
"2015-01-22 00:00:00 UTC",91,954,9
"2015-01-21 00:00:00 UTC",82,965,9
"2015-01-20 00:00:00 UTC",74,948,9
"2015-01-19 00:00:00 UTC",68,1073,9
"2015-01-18 00:00:00 UTC",65,1155,9
"2015-01-17 00:00:00 UTC",65,1175,9
"2015-01-16 00:00:00 UTC",63,899,8
"2015-01-15 00:00:00 UTC",63,998,8
"2015-01-14 00:00:00 UTC",63,1037,9
"2015-01-13 00:00:00 UTC",61,966,8
"2015-01-12 00:00:00 UTC",60,796,7
"2015-01-11 00:00:00 UTC",60,832,7
"2015-01-10 00:00:00 UTC",61,860,8
"2015-01-09 00:00:00 UTC",67,888,8
"2015-01-08 00:00:00 UTC",60,882,7
"2015-01-07 00:00:00 UTC",59,804,7
"2015-01-06 00:00:00 UTC",57,673,6
"2015-01-05 00:00:00 UTC",57,713,6
"2015-01-04 00:00:00 UTC",57,728,6
"2015-01-03 00:00:00 UTC",57,678,6
"2015-01-02 00:00:00 UTC",56,651,5
"2015-01-01 00:00:00 UTC",56,664,5
"2014-12-31 00:00:00 UTC",56,658,5
"2014-12-30 00:00:00 UTC",57,691,6
"2014-12-29 00:00:00 UTC",57,724,6
"2014-12-28 00:00:00 UTC",57,765,6
"2014-12-27 00:00:00 UTC",57,779,6
"2014-12-26 00:00:00 UTC",57,809,6
"2014-12-25 00:00:00 UTC",57,839,6
"2014-12-24 00:00:00 UTC",58,878,7
"2014-12-23 00:00:00 UTC",57,876,6
"2014-12-22 00:00:00 UTC",57,874,6
"2014-12-21 00:00:00 UTC",57,919,6
"2014-12-20 00:00:00 UTC",56,689,5
"2014-12-19 00:00:00 UTC",56,674,5
"2014-12-18 00:00:00 UTC",57,696,6
"2014-12-17 00:00:00 UTC",57,709,6
"2014-12-16 00:00:00 UTC",57,694,6
"2014-12-15 00:00:00 UTC",58,756,7
"2014-12-14 00:00:00 UTC",57,736,6
"2014-12-13 00:00:00 UTC",56,710,5
"2014-12-12 00:00:00 UTC",56,742,5
"2014-12-11 00:00:00 UTC",57,766,6
"2014-12-10 00:00:00 UTC",56,751,5
"2014-12-09 00:00:00 UTC",56,779,5
"2014-12-08 00:00:00 UTC",56,556,4
"2014-12-07 00:00:00 UTC",58,563,6
"2014-12-06 00:00:00 UTC",58,584,6
"2014-12-05 00:00:00 UTC",56,532,4
"2014-12-04 00:00:00 UTC",57,546,5
"2014-12-03 00:00:00 UTC",55,545,4
"2014-12-02 00:00:00 UTC",55,542,4
"2014-12-01 00:00:00 UTC",55,530,4
"2014-11-30 00:00:00 UTC",55,532,4
"2014-11-29 00:00:00 UTC",55,530,4
"2014-11-28 00:00:00 UTC",55,534,4
"2014-11-27 00:00:00 UTC",56,553,5
"2014-11-26 00:00:00 UTC",55,535,4
"2014-11-25 00:00:00 UTC",55,532,4
"2014-11-24 00:00:00 UTC",55,533,4
"2014-11-23 00:00:00 UTC",55,530,4
"2014-11-22 00:00:00 UTC",74,868,6
"2014-11-21 00:00:00 UTC",73,992,6
"2014-11-20 00:00:00 UTC",72,994,6
"2014-11-19 00:00:00 UTC",70,999,7
"2014-11-18 00:00:00 UTC",69,1013,8
"2014-11-17 00:00:00 UTC",69,1019,8
"2014-11-16 00:00:00 UTC",67,753,7
"2014-11-15 00:00:00 UTC",67,768,7
"2014-11-14 00:00:00 UTC",67,759,7
"2014-11-13 00:00:00 UTC",67,776,8
"2014-11-12 00:00:00 UTC",67,796,8
"2014-11-11 00:00:00 UTC",68,811,10
"2014-11-10 00:00:00 UTC",65,715,10
"2014-11-09 00:00:00 UTC",64,653,9
"2014-11-08 00:00:00 UTC",64,649,9
"2014-11-07 00:00:00 UTC",64,649,9
"2014-11-06 00:00:00 UTC",62,636,8
"2014-11-05 00:00:00 UTC",62,602,8
"2014-11-04 00:00:00 UTC",62,607,8
"2014-11-03 00:00:00 UTC",62,604,8
"2014-11-02 00:00:00 UTC",60,603,7
"2014-11-01 00:00:00 UTC",64,599,7
"2014-10-31 00:00:00 UTC",60,601,7
"2014-10-30 00:00:00 UTC",58,580,6
"2014-10-29 00:00:00 UTC",58,571,6
"2014-10-28 00:00:00 UTC",56,572,5
"2014-10-27 00:00:00 UTC",60,556,5
"2014-10-25 00:00:00 UTC",61,595,6
"2014-10-24 00:00:00 UTC",58,562,6
"2014-10-23 00:00:00 UTC",57,595,5
"2014-10-22 00:00:00 UTC",55,571,4
"2014-10-21 00:00:00 UTC",56,542,4
"2014-10-20 00:00:00 UTC",56,537,5
"2014-10-19 00:00:00 UTC",57,547,6
"2014-10-18 00:00:00 UTC",55,530,4
"2014-10-17 00:00:00 UTC",56,540,4
"2014-10-16 00:00:00 UTC",95,651,6
"2014-10-15 00:00:00 UTC",56,566,5
"2014-10-14 00:00:00 UTC",55,561,4
"2014-10-13 00:00:00 UTC",56,544,5
"2014-10-12 00:00:00 UTC",55,532,4
"2014-10-11 00:00:00 UTC",55,532,4
"2014-10-10 00:00:00 UTC",55,531,4
"2014-10-09 00:00:00 UTC",55,533,4
"2014-10-08 00:00:00 UTC",72,549,5
"2014-10-07 00:00:00 UTC",58,532,4
"2014-10-06 00:00:00 UTC",64,561,6
"2014-10-05 00:00:00 UTC",84,606,7
"2014-10-04 00:00:00 UTC",97,690,10
"2014-10-03 00:00:00 UTC",89,726,11
"2014-10-02 00:00:00 UTC",87,755,10
"2014-10-01 00:00:00 UTC",81,679,9
"2014-09-30 00:00:00 UTC",80,674,8
"2014-09-29 00:00:00 UTC",100,690,9
"2014-09-28 00:00:00 UTC",86,680,9
"2014-09-27 00:00:00 UTC",79,699,10
"2014-09-26 00:00:00 UTC",74,671,9
"2014-09-25 00:00:00 UTC",86,616,8
"2014-09-24 00:00:00 UTC",66,616,8
"2014-09-23 00:00:00 UTC",65,614,8
"2014-09-22 00:00:00 UTC",122,623,9
"2014-09-21 00:00:00 UTC",90,626,9
"2014-09-20 00:00:00 UTC",103,636,12
"2014-09-19 00:00:00 UTC",70,674,10
"2014-09-18 00:00:00 UTC",67,617,6
"2014-09-17 00:00:00 UTC",87,629,8
"2014-09-16 00:00:00 UTC",89,655,9
"2014-09-15 00:00:00 UTC",91,668,11
"2014-09-14 00:00:00 UTC",91,675,12
"2014-09-13 00:00:00 UTC",90,681,11
"2014-09-12 00:00:00 UTC",74,684,11
"2014-09-11 00:00:00 UTC",85,696,11
"2014-09-10 00:00:00 UTC",95,695,3
"2014-09-09 00:00:00 UTC",114,686,1
"2014-09-08 00:00:00 UTC",110,716,1
"2014-09-07 00:00:00 UTC",104,678,1
"2014-09-06 00:00:00 UTC",93,686,1
"2014-09-05 00:00:00 UTC",93,676,1
"2014-09-04 00:00:00 UTC",93,685,1
"2014-09-03 00:00:00 UTC",87,636,1
"2014-09-02 00:00:00 UTC",88,650,1
"2014-09-01 00:00:00 UTC",89,665,1
"2014-08-31 00:00:00 UTC",91,690,1
"2014-08-30 00:00:00 UTC",91,697,1
"2014-08-29 00:00:00 UTC",91,729,1
"2014-08-28 00:00:00 UTC",90,707,1
"2014-08-27 00:00:00 UTC",88,688,1
"2014-08-26 00:00:00 UTC",90,711,1
"2014-08-25 00:00:00 UTC",95,749,1
"2014-08-24 00:00:00 UTC",100,770,1
"2014-08-23 00:00:00 UTC",102,791,1
"2014-08-22 00:00:00 UTC",102,799,1
"2014-08-21 00:00:00 UTC",101,794,1
"2014-08-20 00:00:00 UTC",101,815,1
"2014-08-19 00:00:00 UTC",94,752,1
"2014-08-18 00:00:00 UTC",93,724,1
"2014-08-17 00:00:00 UTC",96,743,1
"2014-08-16 00:00:00 UTC",102,743,1
"2014-08-15 00:00:00 UTC",105,762,1
"2014-08-14 00:00:00 UTC",100,733,1
"2014-08-13 00:00:00 UTC",100,752,1
"2014-08-12 00:00:00 UTC",101,771,1
"2014-08-11 00:00:00 UTC",101,819,1
"2014-08-10 00:00:00 UTC",108,889,1
"2014-08-09 00:00:00 UTC",111,928,1
"2014-08-08 00:00:00 UTC",109,927,1
"2014-08-07 00:00:00 UTC",106,921,1
"2014-08-06 00:00:00 UTC",99,869,1
"2014-08-04 00:00:00 UTC",91,834,1
"2014-08-03 00:00:00 UTC",90,819,1
"2014-08-02 00:00:00 UTC",90,816,1
"2014-08-01 00:00:00 UTC",88,908,1
"2014-07-31 00:00:00 UTC",87,985,1
"2014-07-30 00:00:00 UTC",88,989,1
"2014-07-29 00:00:00 UTC",89,993,1
"2014-07-28 00:00:00 UTC",91,1004,1
"2014-07-27 00:00:00 UTC",90,1008,1
"2014-07-26 00:00:00 UTC",90,1015,1
"2014-07-25 00:00:00 UTC",86,955,1
"2014-07-24 00:00:00 UTC",88,991,1
"2014-07-23 00:00:00 UTC",90,1100,1
"2014-07-22 00:00:00 UTC",86,979,1
"2014-07-21 00:00:00 UTC",86,972,1
"2014-07-20 00:00:00 UTC",83,816,1
"2014-07-19 00:00:00 UTC",89,844,1
"2014-07-18 00:00:00 UTC",87,843,1
"2014-07-17 00:00:00 UTC",80,757,1
"2014-07-16 00:00:00 UTC",76,716,1
"2014-07-15 00:00:00 UTC",77,724,1
"2014-07-14 00:00:00 UTC",94,738,1
"2014-07-13 00:00:00 UTC",95,761,1
"2014-07-12 00:00:00 UTC",95,740,1
"2014-07-11 00:00:00 UTC",102,755,1
"2014-07-10 00:00:00 UTC",113,772,1
"2014-07-09 00:00:00 UTC",104,781,1
"2014-07-08 00:00:00 UTC",100,780,1
"2014-07-07 00:00:00 UTC",99,792,1
"2014-07-06 00:00:00 UTC",98,779,1
"2014-07-05 00:00:00 UTC",109,795,1
"2014-07-04 00:00:00 UTC",113,808,1
"2014-07-03 00:00:00 UTC",115,928,1
"2014-07-02 00:00:00 UTC",121,1044,1
"2014-07-01 00:00:00 UTC",121,1068,1
"2014-06-30 00:00:00 UTC",119,809,1
"2014-06-29 00:00:00 UTC",126,839,1
"2014-06-28 00:00:00 UTC",125,837,1
"2014-06-27 00:00:00 UTC",118,845,1
"2014-06-26 00:00:00 UTC",169,833,1
"2014-06-25 00:00:00 UTC",177,839,1
"2014-06-24 00:00:00 UTC",166,843,1
"2014-06-23 00:00:00 UTC",153,838,1
"2014-06-22 00:00:00 UTC",144,854,1
"2014-06-21 00:00:00 UTC",131,848,1
"2014-06-20 00:00:00 UTC",120,806,1
"2014-06-19 00:00:00 UTC",116,786,1
"2014-06-18 00:00:00 UTC",115,776,1
"2014-06-17 00:00:00 UTC",115,784,1
"2014-06-16 00:00:00 UTC",119,801,1
"2014-06-15 00:00:00 UTC",119,807,1
"2014-06-14 00:00:00 UTC",120,812,1
"2014-06-13 00:00:00 UTC",119,815,1
"2014-06-12 00:00:00 UTC",118,820,1
"2014-06-11 00:00:00 UTC",121,853,1
"2014-06-10 00:00:00 UTC",125,884,1
"2014-06-09 00:00:00 UTC",119,885,1
"2014-06-08 00:00:00 UTC",119,887,1
"2014-06-07 00:00:00 UTC",118,889,1
"2014-06-06 00:00:00 UTC",113,802,1
"2014-06-05 00:00:00 UTC",110,800,1
"2014-06-04 00:00:00 UTC",119,784,1
"2014-06-03 00:00:00 UTC",110,772,1
"2014-06-02 00:00:00 UTC",104,770,1
"2014-06-01 00:00:00 UTC",97,757,1
"2014-05-31 00:00:00 UTC",103,760,1
"2014-05-30 00:00:00 UTC",98,759,1
"2014-05-29 00:00:00 UTC",96,764,1
"2014-05-28 00:00:00 UTC",100,801,1
"2014-05-27 00:00:00 UTC",97,802,1
"2014-05-26 00:00:00 UTC",95,762,1
"2014-05-25 00:00:00 UTC",93,774,1
"2014-05-24 00:00:00 UTC",85,773,1
"2014-05-23 00:00:00 UTC",77,751,1
"2014-05-22 00:00:00 UTC",68,730,1
"2014-05-21 00:00:00 UTC",74,717,1
"2014-05-20 00:00:00 UTC",86,690,1
"2014-05-19 00:00:00 UTC",91,730,1
"2014-05-18 00:00:00 UTC",79,705,1
"2014-05-17 00:00:00 UTC",87,899,1
"2014-05-16 00:00:00 UTC",90,905,1
"2014-05-15 00:00:00 UTC",88,902,1
"2014-05-14 00:00:00 UTC",85,880,1
"2014-05-13 00:00:00 UTC",86,884,1
"2014-05-12 00:00:00 UTC",95,913,1

listing_datetime,unit_price,quantity,listings
"2014-05-11 00:00:00 UTC",88,937,1
"2014-05-10 00:00:00 UTC",84,882,1
"2014-05-09 00:00:00 UTC",83,881,1
"2014-05-08 00:00:00 UTC",83,878,1
"2014-05-07 00:00:00 UTC",85,947,1
"2014-05-06 00:00:00 UTC",84,931,1
"2014-05-05 00:00:00 UTC",82,928,1
"2014-05-04 00:00:00 UTC",78,945,1
"2014-05-03 00:00:00 UTC",78,934,1
"2014-05-02 00:00:00 UTC",78,924,1
"2014-05-01 00:00:00 UTC",80,1137,1
"2014-04-30 00:00:00 UTC",75,964,1
"2014-04-29 00:00:00 UTC",72,730,1
"2014-04-28 00:00:00 UTC",68,712,1
"2014-04-27 00:00:00 UTC",64,674,1
"2014-04-26 00:00:00 UTC",63,686,1
"2014-04-25 00:00:00 UTC",61,717,1
"2014-04-24 00:00:00 UTC",60,708,1
"2014-04-23 00:00:00 UTC",59,676,1
"2014-04-22 00:00:00 UTC",58,628,1
"2014-04-21 00:00:00 UTC",60,648,1
"2014-04-20 00:00:00 UTC",63,579,1
"2014-04-19 00:00:00 UTC",92,598,1
"2014-04-18 00:00:00 UTC",104,641,1
"2014-04-17 00:00:00 UTC",104,653,1
"2014-04-16 00:00:00 UTC",104,801,1
"2014-04-15 00:00:00 UTC",103,903,1
"2014-04-14 00:00:00 UTC",95,862,1
"2014-04-12 22:25:27 UTC",93,748,1
"2014-04-10 00:00:00 UTC",88,768,1
"2014-04-09 00:00:00 UTC",83,876,1
"2014-04-08 00:00:00 UTC",77,955,1
"2014-04-07 00:00:00 UTC",73,938,1
"2014-04-06 00:00:00 UTC",70,892,1
"2014-04-05 00:00:00 UTC",68,911,1
"2014-04-04 00:00:00 UTC",65,845,1
"2014-04-03 00:00:00 UTC",61,809,1
"2014-04-02 00:00:00 UTC",57,679,1
"2014-04-01 00:00:00 UTC",56,599,1
"2014-03-31 00:00:00 UTC",56,691,1
"2014-03-30 00:00:00 UTC",56,683,1
"2014-03-29 00:00:00 UTC",103,650,1
"2014-03-28 00:00:00 UTC",166,655,1
"2014-03-27 00:00:00 UTC",177,708,1
"2014-03-26 00:00:00 UTC",187,775,1
"2014-03-25 00:00:00 UTC",186,787,1
"2014-03-24 00:00:00 UTC",186,832,1
"2014-03-23 00:00:00 UTC",186,858,1
"2014-03-22 00:00:00 UTC",195,845,1
"2014-03-21 00:00:00 UTC",197,869,1
"2014-03-20 00:00:00 UTC",194,868,1
"2014-03-19 00:00:00 UTC",192,880,1
"2014-03-18 00:00:00 UTC",188,879,1
"2014-03-17 00:00:00 UTC",182,795,1
"2014-03-16 00:00:00 UTC",177,797,1
"2014-03-15 00:00:00 UTC",171,939,1
"2014-03-14 00:00:00 UTC",160,811,1
"2014-03-13 00:00:00 UTC",157,918,1
"2014-03-12 00:00:00 UTC",152,981,1
"2014-03-11 00:00:00 UTC",147,907,1
"2014-03-10 00:00:00 UTC",136,849,1
"2014-03-09 00:00:00 UTC",120,794,1
"2014-03-08 00:00:00 UTC",110,749,1
"2014-03-07 00:00:00 UTC",104,669,1
"2014-03-06 00:00:00 UTC",97,673,1
"2014-03-05 00:00:00 UTC",96,760,1
"2014-03-04 00:00:00 UTC",91,819,1
"2014-03-03 00:00:00 UTC",77,791,1
"2014-03-02 00:00:00 UTC",71,811,1
"2014-03-01 00:00:00 UTC",69,754,1
"2014-02-28 00:00:00 UTC",67,673,1
"2014-02-27 00:00:00 UTC",65,655,1
"2014-02-26 00:00:00 UTC",65,793,1
"2014-02-25 00:00:00 UTC",63,798,1
"2014-02-24 00:00:00 UTC",61,707,1
"2014-02-23 00:00:00 UTC",63,688,1
"2014-02-22 00:00:00 UTC",60,645,1
"2014-02-21 00:00:00 UTC",62,704,1
"2014-02-20 00:00:00 UTC",62,770,1
"2014-02-19 00:00:00 UTC",62,793,1
"2014-02-18 00:00:00 UTC",61,777,1
"2014-02-17 00:00:00 UTC",61,707,1
"2014-02-16 00:00:00 UTC",61,1144,1
"2014-02-15 00:00:00 UTC",60,1329,1
"2014-02-14 00:00:00 UTC",58,1253,1
"2014-02-13 00:00:00 UTC",57,1197,1
"2014-02-12 00:00:00 UTC",56,1179,1
"2014-02-11 00:00:00 UTC",55,1178,1
"2014-02-10 00:00:00 UTC",59,1185,1
"2014-02-09 00:00:00 UTC",61,1222,1
"2014-02-08 00:00:00 UTC",58,1199,1
"2014-02-07 00:00:00 UTC",55,1212,1
"2014-02-06 00:00:00 UTC",55,1257,1
"2014-02-05 00:00:00 UTC",54,1062,1
"2014-02-04 00:00:00 UTC",54,1078,1
"2014-02-03 00:00:00 UTC",54,1119,1
"2014-02-02 00:00:00 UTC",55,1155,1
"2014-02-01 00:00:00 UTC",54,1178,1
"2014-01-31 00:00:00 UTC",54,1169,1
"2014-01-30 00:00:00 UTC",56,1213,1
"2014-01-29 00:00:00 UTC",54,1216,1
"2014-01-28 00:00:00 UTC",60,1414,1
"2014-01-27 00:00:00 UTC",60,1497,1
"2014-01-26 00:00:00 UTC",55,1269,1
"2014-01-25 00:00:00 UTC",54,1215,1
"2014-01-24 00:00:00 UTC",54,1254,1
"2014-01-23 00:00:00 UTC",54,1289,1
"2014-01-22 00:00:00 UTC",54,1322,1
"2014-01-21 00:00:00 UTC",54,1369,1
"2014-01-20 00:00:00 UTC",52,630,1
"2014-01-19 00:00:00 UTC",54,437,1
"2014-01-18 00:00:00 UTC",54,455,1
"2014-01-17 00:00:00 UTC",53,454,1
"2014-01-16 00:00:00 UTC",53,470,1
"2014-01-15 00:00:00 UTC",53,481,1
"2014-01-14 00:00:00 UTC",54,523,1
"2014-01-13 00:00:00 UTC",55,561,1
"2014-01-12 00:00:00 UTC",53,552,1
"2014-01-11 00:00:00 UTC",53,576,1
"2014-01-10 00:00:00 UTC",56,669,1
"2014-01-09 00:00:00 UTC",54,640,1
"2014-01-08 00:00:00 UTC",53,640,1
"2014-01-07 00:00:00 UTC",54,678,1
"2014-01-06 00:00:00 UTC",55,734,1
"2014-01-05 00:00:00 UTC",54,754,1
"2014-01-04 00:00:00 UTC",57,854,1
"2014-01-03 00:00:00 UTC",56,819,1
"2014-01-02 00:00:00 UTC",56,831,1
"2014-01-01 00:00:00 UTC",54,773,1
"2013-12-31 00:00:00 UTC",54,782,1
"2013-12-30 00:00:00 UTC",55,823,1
"2013-12-29 00:00:00 UTC",55,865,1
"2013-12-28 00:00:00 UTC",55,911,1
"2013-12-27 00:00:00 UTC",55,905,1
"2013-12-26 00:00:00 UTC",55,880,1
"2013-12-25 00:00:00 UTC",59,912,1
"2013-12-24 00:00:00 UTC",57,1076,1
"2013-12-23 00:00:00 UTC",58,1031,1
"2013-12-22 00:00:00 UTC",56,980,1
"2013-12-21 00:00:00 UTC",56,879,1
"2013-12-20 00:00:00 UTC",61,921,1
"2013-12-19 00:00:00 UTC",59,923,1
"2013-12-18 00:00:00 UTC",57,919,1
"2013-12-17 00:00:00 UTC",57,946,1
"2013-12-16 00:00:00 UTC",57,958,1
"2013-12-15 00:00:00 UTC",56,912,1
"2013-12-14 00:00:00 UTC",57,921,1
"2013-12-13 00:00:00 UTC",56,915,1
"2013-12-12 00:00:00 UTC",54,716,1
"2013-12-11 00:00:00 UTC",55,830,1
"2013-12-10 00:00:00 UTC",58,1006,1
"2013-12-09 00:00:00 UTC",57,1045,1
"2013-12-08 00:00:00 UTC",58,866,1
"2013-12-07 00:00:00 UTC",59,889,1
"2013-12-06 00:00:00 UTC",57,870,1
"2013-12-05 00:00:00 UTC",56,875,1
"2013-12-04 00:00:00 UTC",57,671,1
"2013-12-03 00:00:00 UTC",60,740,1
"2013-12-02 00:00:00 UTC",59,780,1
"2013-12-01 00:00:00 UTC",60,766,1
"2013-11-30 00:00:00 UTC",61,849,1
"2013-11-29 00:00:00 UTC",61,866,1
"2013-11-28 00:00:00 UTC",59,814,1
"2013-11-27 00:00:00 UTC",59,752,1
"2013-11-26 00:00:00 UTC",64,815,1
"2013-11-25 00:00:00 UTC",64,828,1
"2013-11-24 00:00:00 UTC",62,837,1
"2013-11-23 00:00:00 UTC",62,794,1
"2013-11-22 00:00:00 UTC",61,805,1
"2013-11-21 00:00:00 UTC",61,856,1
"2013-11-20 00:00:00 UTC",59,880,1
"2013-11-19 00:00:00 UTC",58,752,1
"2013-11-18 00:00:00 UTC",57,753,1
"2013-11-17 00:00:00 UTC",56,743,1
"2013-11-16 00:00:00 UTC",55,756,1
"2013-11-15 00:00:00 UTC",55,757,1
"2013-11-14 00:00:00 UTC",54,677,1
"2013-11-13 00:00:00 UTC",55,676,1
"2013-11-12 00:00:00 UTC",55,666,1
"2013-11-11 00:00:00 UTC",55,666,1
"2013-11-10 00:00:00 UTC",55,678,1
"2013-11-09 00:00:00 UTC",57,681,1
"2013-11-08 00:00:00 UTC",54,674,1
"2013-11-07 00:00:00 UTC",53,671,1
"2013-11-06 00:00:00 UTC",53,515,1
"2013-11-05 00:00:00 UTC",52,433,1
"2013-11-04 00:00:00 UTC",52,438,1
"2013-11-03 00:00:00 UTC",52,455,1
"2013-11-02 00:00:00 UTC",53,459,1
"2013-11-01 00:00:00 UTC",52,460,1
"2013-10-31 00:00:00 UTC",52,468,1
"2013-10-30 00:00:00 UTC",52,487,1
"2013-10-29 00:00:00 UTC",52,498,1
"2013-10-28 00:00:00 UTC",51,394,1
"2013-10-26 00:00:00 UTC",37,11,0
"2013-10-25 00:00:00 UTC",44,9,0
"2013-10-24 00:00:00 UTC",37,9,0
"2013-10-23 00:00:00 UTC",44,9,0
"2013-10-22 00:00:00 UTC",27,4,0
"2013-10-21 00:00:00 UTC",49,16,1
"2013-10-20 00:00:00 UTC",50,80,1
"2013-10-19 00:00:00 UTC",51,97,1
"2013-10-18 00:00:00 UTC",53,158,1
"2013-10-17 00:00:00 UTC",52,126,1
"2013-10-16 00:00:00 UTC",56,82,1
"2013-10-15 00:00:00 UTC",56,110,1
"2013-10-14 00:00:00 UTC",57,147,1
"2013-10-13 00:00:00 UTC",57,155,1
"2013-10-12 00:00:00 UTC",55,189,1
"2013-10-11 00:00:00 UTC",53,144,1
"2013-10-10 00:00:00 UTC",51,100,1
"2013-10-09 00:00:00 UTC",50,142,1
"2013-10-08 00:00:00 UTC",35,67,0
"2013-10-07 00:00:00 UTC",23,32,0
"2013-10-06 00:00:00 UTC",53,95,1
"2013-10-05 00:00:00 UTC",53,111,1
"2013-10-04 00:00:00 UTC",55,286,1
"2013-10-03 00:00:00 UTC",54,315,1
"2013-10-02 00:00:00 UTC",55,367,1
"2013-10-01 00:00:00 UTC",54,340,1
"2013-09-30 00:00:00 UTC",52,111,1
"2013-09-29 00:00:00 UTC",49,120,1
"2013-09-28 00:00:00 UTC",47,68,0
"2013-09-27 00:00:00 UTC",53,64,1
"2013-09-26 00:00:00 UTC",59,83,1
"2013-09-25 00:00:00 UTC",55,182,1
"2013-09-24 00:00:00 UTC",44,77,0
"2013-09-23 00:00:00 UTC",47,52,0
"2013-09-22 00:00:00 UTC",48,143,1
"2013-09-21 00:00:00 UTC",30,138,0
"2013-09-20 00:00:00 UTC",36,4,0
"2013-09-19 00:00:00 UTC",27,11,0
"2013-09-18 00:00:00 UTC",0,0,0
"2013-09-17 00:00:00 UTC",0,0,0
"2013-09-16 00:00:00 UTC",0,0,0
"2013-09-15 00:00:00 UTC",39,175,0
"2013-09-14 00:00:00 UTC",28,3,0
"2013-09-13 00:00:00 UTC",48,44,1
"2013-09-12 00:00:00 UTC",49,66,1
"2013-09-11 00:00:00 UTC",48,45,1
"2013-09-10 00:00:00 UTC",51,57,1
"2013-09-09 00:00:00 UTC",48,57,1
"2013-09-08 00:00:00 UTC",48,85,1
"2013-09-07 00:00:00 UTC",0,0,0
"2013-09-06 00:00:00 UTC",32,54,0
"2013-09-05 00:00:00 UTC",17,34,0
"2013-09-04 00:00:00 UTC",0,0,0
"2013-09-03 00:00:00 UTC",0,0,0
"2013-09-02 00:00:00 UTC",0,0,0
"2013-09-01 00:00:00 UTC",0,0,0
"2013-08-31 00:00:00 UTC",0,0,0
"2013-08-30 00:00:00 UTC",0,0,0
"2013-08-29 00:00:00 UTC",0,0,0
"2013-08-28 00:00:00 UTC",0,0,0
"2013-08-27 00:00:00 UTC",0,0,0
"2013-08-26 00:00:00 UTC",0,0,0
"2013-08-25 00:00:00 UTC",0,0,0
"2013-08-24 00:00:00 UTC",0,0,0
"2013-08-23 00:00:00 UTC",0,0,0
"2013-08-22 00:00:00 UTC",0,0,0
"2013-08-21 00:00:00 UTC",0,0,0
"2013-08-20 00:00:00 UTC",0,0,0
"2013-08-19 00:00:00 UTC",0,0,0
"2013-08-18 00:00:00 UTC",0,0,0
"2013-08-17 00:00:00 UTC",0,0,0
"2013-08-16 00:00:00 UTC",34,10,0
"2013-08-15 00:00:00 UTC",48,53,1
"2013-08-14 00:00:00 UTC",16,30,0
"2013-08-13 00:00:00 UTC",0,0,0
"2013-08-12 00:00:00 UTC",0,0,0
"2013-08-11 00:00:00 UTC",0,0,0
"2013-08-10 00:00:00 UTC",0,0,0
"2013-08-09 00:00:00 UTC",0,0,0
"2013-08-08 00:00:00 UTC",0,0,0
"2013-08-07 00:00:00 UTC",0,0,0
"2013-08-06 00:00:00 UTC",0,0,0
"2013-08-05 00:00:00 UTC",0,0,0
"2013-08-04 00:00:00 UTC",0,0,0
"2013-08-03 00:00:00 UTC",0,0,0
"2013-08-02 00:00:00 UTC",0,0,0
"2013-08-01 00:00:00 UTC",0,0,0
"2013-07-31 00:00:00 UTC",0,0,0
"2013-07-30 00:00:00 UTC",36,12,0
"2013-07-29 00:00:00 UTC",51,57,1
"2013-07-28 00:00:00 UTC",51,109,1
"2013-07-27 00:00:00 UTC",51,143,1
"2013-07-26 00:00:00 UTC",51,179,1
"2013-07-25 00:00:00 UTC",51,212,1
"2013-07-24 00:00:00 UTC",21,100,0
"2013-07-23 00:00:00 UTC",0,0,0
"2013-07-22 00:00:00 UTC",13,8,0
"2013-07-21 00:00:00 UTC",33,29,0
"2013-07-20 00:00:00 UTC",1,0,0
"2013-07-19 00:00:00 UTC",31,12,0
"2013-07-18 00:00:00 UTC",0,0,0
"2013-07-17 00:00:00 UTC",0,0,0
"2013-07-16 00:00:00 UTC",0,0,0
"2013-07-15 00:00:00 UTC",0,0,0
"2013-07-14 00:00:00 UTC",0,0,0
"2013-07-13 00:00:00 UTC",0,0,0
"2013-07-12 00:00:00 UTC",0,0,0
"2013-07-11 00:00:00 UTC",0,0,0
"2013-07-10 00:00:00 UTC",0,0,0
"2013-07-09 00:00:00 UTC",0,0,0
"2013-07-08 00:00:00 UTC",0,0,0
"2013-07-07 00:00:00 UTC",0,0,0
"2013-07-06 00:00:00 UTC",0,0,0
"2013-07-05 00:00:00 UTC",0,0,0
"2013-07-04 00:00:00 UTC",0,0,0
"2013-07-03 00:00:00 UTC",0,0,0
"2013-07-02 00:00:00 UTC",0,0,0
"2013-07-01 00:00:00 UTC",0,0,0
"2013-06-30 00:00:00 UTC",0,0,0
"2013-06-29 00:00:00 UTC",0,0,0
"2013-06-28 00:00:00 UTC",0,0,0
"2013-06-27 00:00:00 UTC",0,0,0
"2013-06-26 00:00:00 UTC",0,0,0
"2013-06-25 00:00:00 UTC",0,0,0
"2013-06-24 00:00:00 UTC",0,0,0
"2013-06-23 00:00:00 UTC",0,0,0
"2013-06-22 00:00:00 UTC",0,0,0
"2013-06-21 00:00:00 UTC",0,0,0
"2013-06-20 00:00:00 UTC",0,0,0
"2013-06-19 00:00:00 UTC",0,0,0
"2013-06-18 00:00:00 UTC",0,0,0
"2013-06-17 00:00:00 UTC",0,0,0
"2013-06-16 00:00:00 UTC",0,0,0
"2013-06-15 00:00:00 UTC",0,0,0
"2013-06-14 00:00:00 UTC",0,0,0
"2013-06-13 00:00:00 UTC",0,0,0
"2013-06-12 00:00:00 UTC",0,0,0
"2013-06-11 00:00:00 UTC",0,0,0
"2013-06-10 00:00:00 UTC",0,0,0
"2013-06-09 00:00:00 UTC",0,0,0
"2013-06-08 00:00:00 UTC",0,0,0
"2013-06-07 00:00:00 UTC",0,0,0
"2013-06-06 00:00:00 UTC",0,0,0
"2013-06-05 00:00:00 UTC",0,0,0
"2013-06-04 00:00:00 UTC",0,0,0
"2013-06-03 00:00:00 UTC",0,0,0
"2013-06-02 00:00:00 UTC",0,0,0
"2013-06-01 00:00:00 UTC",0,0,0
"2013-05-31 00:00:00 UTC",0,0,0
"2013-05-30 00:00:00 UTC",0,0,0
"2013-05-29 00:00:00 UTC",0,0,0
"2013-05-28 00:00:00 UTC",0,0,0
"2013-05-27 00:00:00 UTC",0,0,0
"2013-05-26 00:00:00 UTC",0,0,0
"2013-05-25 00:00:00 UTC",0,0,0
"2013-05-24 00:00:00 UTC",0,0,0
"2013-05-23 00:00:00 UTC",0,0,0
"2013-05-22 00:00:00 UTC",0,0,0
"2013-05-21 00:00:00 UTC",0,0,0
"2013-05-20 00:00:00 UTC",0,0,0
"2013-05-19 00:00:00 UTC",0,0,0
"2013-05-18 00:00:00 UTC",0,0,0
"2013-05-17 00:00:00 UTC",0,0,0
"2013-05-16 00:00:00 UTC",0,0,0
"2013-05-15 00:00:00 UTC",0,0,0
"2013-05-14 00:00:00 UTC",0,0,0
"2013-05-13 00:00:00 UTC",0,0,0
"2013-05-12 00:00:00 UTC",0,0,0
"2013-05-11 00:00:00 UTC",0,0,0
"2013-05-10 00:00:00 UTC",0,0,0
"2013-05-09 00:00:00 UTC",0,0,0
"2013-05-08 00:00:00 UTC",0,0,0
"2013-05-07 00:00:00 UTC",0,0,0
"2013-05-06 00:00:00 UTC",0,0,0
"2013-05-05 00:00:00 UTC",0,0,0
"2013-05-04 00:00:00 UTC",0,0,0
"2013-05-03 00:00:00 UTC",0,0,0
"2013-05-02 00:00:00 UTC",0,0,0
"2013-05-01 00:00:00 UTC",0,0,0
"2013-04-30 00:00:00 UTC",0,0,0
"2013-04-29 00:00:00 UTC",0,0,0
"2013-04-28 00:00:00 UTC",0,0,0
"2013-04-27 00:00:00 UTC",0,0,0
"2013-04-26 00:00:00 UTC",0,0,0
"2013-04-25 00:00:00 UTC",0,0,0
"2013-04-24 00:00:00 UTC",0,0,0
"2013-04-23 00:00:00 UTC",0,0,0
"2013-04-22 00:00:00 UTC",0,0,0
"2013-04-21 00:00:00 UTC",0,0,0
"2013-04-20 00:00:00 UTC",0,0,0
"2013-04-19 00:00:00 UTC",0,0,0
"2013-04-18 00:00:00 UTC",0,0,0
"2013-04-17 00:00:00 UTC",0,0,0
"2013-04-16 00:00:00 UTC",0,0,0
"2013-04-15 00:00:00 UTC",0,0,0
"2013-04-14 00:00:00 UTC",0,0,0
"2013-04-13 00:00:00 UTC",0,0,0
"2013-04-12 00:00:00 UTC",0,0,0
"2013-04-11 00:00:00 UTC",0,0,0
"2013-04-10 00:00:00 UTC",0,0,0
"2013-04-09 00:00:00 UTC",0,0,0
"2013-04-08 00:00:00 UTC",0,0,0
"2013-04-07 00:00:00 UTC",0,0,0
"2013-04-06 00:00:00 UTC",0,0,0
"2013-04-05 00:00:00 UTC",0,0,0
"2013-04-04 00:00:00 UTC",0,0,0
"2013-04-03 00:00:00 UTC",0,0,0
"2013-04-02 00:00:00 UTC",0,0,0
"2013-04-01 00:00:00 UTC",0,0,0
"2013-03-31 00:00:00 UTC",0,0,0
"2013-03-30 00:00:00 UTC",0,0,0
"2013-03-29 00:00:00 UTC",0,0,0
"2013-03-28 00:00:00 UTC",0,0,0
"2013-03-27 00:00:00 UTC",0,0,0
"2013-03-26 00:00:00 UTC",0,0,0
"2013-03-25 00:00:00 UTC",0,0,0
"2013-03-24 00:00:00 UTC",0,0,0
"2013-03-23 00:00:00 UTC",0,0,0
"2013-03-22 00:00:00 UTC",0,0,0
"2013-03-21 00:00:00 UTC",0,0,0
"2013-03-20 00:00:00 UTC",0,0,0
"2013-03-19 00:00:00 UTC",0,0,0
"2013-03-18 00:00:00 UTC",0,0,0
"2013-03-17 00:00:00 UTC",0,0,0
"2013-03-16 00:00:00 UTC",0,0,0
"2013-03-15 00:00:00 UTC",0,0,0
"2013-03-14 00:00:00 UTC",0,0,0
"2013-03-13 00:00:00 UTC",0,0,0
"2013-03-12 00:00:00 UTC",0,0,0
"2013-03-11 00:00:00 UTC",0,0,0
"2013-03-10 00:00:00 UTC",0,0,0
"2013-03-09 00:00:00 UTC",0,0,0
"2013-03-08 00:00:00 UTC",0,0,0
"2013-03-07 00:00:00 UTC",0,0,0
"2013-03-06 00:00:00 UTC",0,0,0
"2013-03-05 00:00:00 UTC",0,0,0
"2013-03-04 00:00:00 UTC",0,0,0
"2013-03-03 00:00:00 UTC",0,0,0
"2013-03-02 00:00:00 UTC",0,0,0
"2013-03-01 00:00:00 UTC",0,0,0
"2013-02-28 00:00:00 UTC",0,0,0
"2013-02-27 00:00:00 UTC",0,0,0
"2013-02-26 00:00:00 UTC",0,0,0
"2013-02-25 00:00:00 UTC",0,0,0
"2013-02-24 00:00:00 UTC",0,0,0
"2013-02-23 00:00:00 UTC",0,0,0
"2013-02-22 00:00:00 UTC",0,0,0
"2013-02-21 00:00:00 UTC",0,0,0
"2013-02-20 00:00:00 UTC",0,0,0
"2013-02-19 00:00:00 UTC",0,0,0
"2013-02-18 00:00:00 UTC",0,0,0
"2013-02-17 00:00:00 UTC",0,0,0
"2013-02-16 00:00:00 UTC",0,0,0
"2013-02-15 00:00:00 UTC",0,0,0
"2013-02-14 00:00:00 UTC",0,0,0
"2013-02-13 00:00:00 UTC",0,0,0
"2013-02-12 00:00:00 UTC",0,0,0
"2013-02-11 00:00:00 UTC",0,0,0
"2013-02-10 00:00:00 UTC",0,0,0
"2013-02-09 00:00:00 UTC",0,0,0
"2013-02-08 00:00:00 UTC",0,0,0
"2013-02-07 00:00:00 UTC",0,0,0
"2013-02-06 00:00:00 UTC",0,0,0
"2013-02-05 00:00:00 UTC",0,0,0
"2013-02-04 00:00:00 UTC",0,0,0
"2013-02-03 00:00:00 UTC",0,0,0
"2013-02-02 00:00:00 UTC",0,0,0
"2013-02-01 00:00:00 UTC",0,0,0
"2013-01-31 00:00:00 UTC",0,0,0
"2013-01-30 00:00:00 UTC",0,0,0
"2013-01-29 00:00:00 UTC",0,0,0
"2013-01-28 00:00:00 UTC",0,0,0
"2013-01-27 00:00:00 UTC",0,0,0
"2013-01-26 00:00:00 UTC",0,0,0
"2013-01-25 00:00:00 UTC",0,0,0
"2013-01-24 00:00:00 UTC",0,0,0
"2013-01-23 00:00:00 UTC",0,0,0
"2013-01-22 00:00:00 UTC",0,0,0
"2013-01-21 00:00:00 UTC",0,0,0
"2013-01-20 00:00:00 UTC",0,0,0
"2013-01-19 00:00:00 UTC",0,0,0
"2013-01-18 00:00:00 UTC",0,0,0
"2013-01-17 00:00:00 UTC",0,0,0
"2013-01-16 00:00:00 UTC",0,0,0
"2013-01-15 00:00:00 UTC",0,0,0
"2013-01-14 00:00:00 UTC",0,0,0
"2013-01-13 00:00:00 UTC",0,0,0
"2013-01-12 00:00:00 UTC",0,0,0
"2013-01-11 00:00:00 UTC",0,0,0
"2013-01-10 00:00:00 UTC",0,0,0
"2013-01-09 00:00:00 UTC",0,0,0
"2013-01-08 00:00:00 UTC",0,0,0
"2013-01-07 00:00:00 UTC",0,0,0
"2013-01-06 00:00:00 UTC",0,0,0
"2013-01-05 00:00:00 UTC",0,0,0
"2013-01-04 00:00:00 UTC",0,0,0
"2013-01-03 00:00:00 UTC",0,0,0
"2013-01-02 00:00:00 UTC",0,0,0
"2013-01-01 00:00:00 UTC",0,0,0
"2012-12-31 00:00:00 UTC",0,0,0
"2012-12-30 00:00:00 UTC",0,0,0
"2012-12-29 00:00:00 UTC",0,0,0
"2012-12-28 00:00:00 UTC",0,0,0
"2012-12-27 00:00:00 UTC",0,0,0
"2012-12-26 00:00:00 UTC",0,0,0
"2012-12-25 00:00:00 UTC",0,0,0
"2012-12-24 00:00:00 UTC",0,0,0
"2012-12-23 00:00:00 UTC",0,0,0
"2012-12-22 00:00:00 UTC",0,0,0
"2012-12-21 00:00:00 UTC",0,0,0
"2012-12-20 00:00:00 UTC",0,0,0
"2012-12-19 00:00:00 UTC",0,0,0
"2012-12-18 00:00:00 UTC",0,0,0
"2012-12-17 00:00:00 UTC",0,0,0
"2012-12-16 00:00:00 UTC",0,0,0
"2012-12-15 00:00:00 UTC",0,0,0
"2012-12-14 00:00:00 UTC",0,0,0
"2012-12-13 00:00:00 UTC",0,0,0
"2012-12-12 00:00:00 UTC",0,0,0
"2012-12-11 00:00:00 UTC",0,0,0
"2012-12-10 00:00:00 UTC",0,0,0
"2012-12-09 00:00:00 UTC",0,0,0
"2012-12-08 00:00:00 UTC",0,0,0
"2012-12-07 00:00:00 UTC",0,0,0
"2012-12-06 00:00:00 UTC",0,0,0
"2012-12-05 00:00:00 UTC",0,0,0
"2012-12-04 00:00:00 UTC",0,0,0
"2012-12-03 00:00:00 UTC",0,0,0
"2012-12-02 00:00:00 UTC",0,0,0
"2012-12-01 00:00:00 UTC",0,0,0
"2012-11-30 00:00:00 UTC",0,0,0
"2012-11-29 00:00:00 UTC",0,0,0
"2012-11-28 00:00:00 UTC",0,0,0
"2012-11-27 00:00:00 UTC",0,0,0
"2012-11-26 00:00:00 UTC",0,0,0
"2012-11-25 00:00:00 UTC",0,0,0
"2012-11-24 00:00:00 UTC",0,0,0
"2012-11-23 00:00:00 UTC",0,0,0
"2012-11-22 00:00:00 UTC",0,0,0
"2012-11-21 00:00:00 UTC",0,0,0
"2012-11-20 00:00:00 UTC",0,0,0
"2012-11-19 00:00:00 UTC",0,0,0
"2012-11-18 00:00:00 UTC",0,0,0
"2012-11-17 00:00:00 UTC",0,0,0
"2012-11-16 00:00:00 UTC",0,0,0
"2012-11-15 00:00:00 UTC",0,0,0
"2012-11-14 00:00:00 UTC",0,0,0
"2012-11-13 00:00:00 UTC",0,0,0
"2012-11-12 00:00:00 UTC",0,0,0
"2012-11-11 00:00:00 UTC",0,0,0
"2012-11-10 00:00:00 UTC",0,0,0
"2012-11-09 00:00:00 UTC",0,0,0
"2012-11-08 00:00:00 UTC",0,0,0
"2012-11-07 00:00:00 UTC",0,0,0
"2012-11-06 00:00:00 UTC",0,0,0
"2012-11-05 00:00:00 UTC",0,0,0
"2012-11-04 00:00:00 UTC",0,0,0
"2012-11-03 00:00:00 UTC",0,0,0
"2012-11-02 00:00:00 UTC",0,0,0
"2012-11-01 00:00:00 UTC",0,0,0
"2012-10-31 00:00:00 UTC",0,0,0
"2012-10-30 00:00:00 UTC",0,0,0
"2012-10-29 00:00:00 UTC",0,0,0
"2012-10-27 00:00:00 UTC",0,0,0
"2012-10-26 00:00:00 UTC",0,0,0
"2012-10-25 00:00:00 UTC",0,0,0
"2012-10-24 00:00:00 UTC",0,0,0
"2012-10-23 00:00:00 UTC",0,0,0
"2012-10-22 00:00:00 UTC",0,0,0
"2012-10-15 00:00:00 UTC",0,0,0
"2012-10-14 00:00:00 UTC",0,0,0
"2012-10-13 00:00:00 UTC",0,0,0
"2012-10-09 20:06:38 UTC",0,0,0
"2012-10-08 12:50:50 UTC",0,0,0
"2012-10-07 12:42:24 UTC",0,0,0
"2012-10-06 12:23:12 UTC",0,0,0
"2012-09-29 00:00:51 UTC",30,1,1
"2012-09-29 00:00:00 UTC",30,1,1
"2012-09-28 00:00:00 UTC",30,1,1
"2012-09-27 00:00:00 UTC",30,1,1
"2012-09-26 00:00:00 UTC",30,1,1
"2012-09-25 00:00:00 UTC",30,1,1
"2012-09-24 00:00:00 UTC",30,1,1
"2012-09-23 00:00:00 UTC",30,1,1
"2012-09-22 00:00:00 UTC",30,1,1
"2012-09-21 00:00:00 UTC",30,1,1
"2012-09-20 00:00:00 UTC",30,1,1
"2012-09-19 00:00:00 UTC",30,1,1
"2012-09-18 00:00:00 UTC",30,1,1
